Workbook

Sheet humaneval
A1: task_id | B1: dataset | C1: sample | D1: method | E1: passed | F1: failed | G1: error | H1: prompt | I1: raw_output | J1: code | K1: output_tokens | L1: gen_time_s | M1: mean_entropy | N1: max_entropy | O1: mean_margin | P1: min_margin | Q1: error_type | R1: error_message | S1: n_tokens | T1: entropy_mean | U1: entropy_std | V1: entropy_min | W1: entropy_max | X1: entropy_range | Y1: entropy_p90 | Z1: entropy_p95 | AA1: entropy_p99 | AB1: margin_mean | AC1: margin_std | AD1: margin_min | AE1: margin_p01 | AF1: margin_p05 | AG1: margin_p10 | AH1: n_entropy_gt_0_5 | AI1: n_entropy_gt_1_0 | AJ1: n_entropy_gt_1_5 | AK1: n_entropy_gt_2_0 | AL1: frac_entropy_gt_0_5 | AM1: frac_entropy_gt_1_0 | AN1: frac_entropy_gt_1_5 | AO1: n_margin_lt_0_05 | AP1: n_margin_lt_0_10 | AQ1: n_margin_lt_0_25 | AR1: n_margin_lt_0_50 | AS1: entropy_delta_abs_mean | AT1: entropy_delta_abs_max | AU1: entropy_delta_std | AV1: longest_entropy_gt_0_5_run | AW1: longest_entropy_gt_1_0_run | AX1: longest_entropy_gt_1_5_run | AY1: peak_valley_spikes | AZ1: burst_spike_run | BA1: code_lines | BB1: code_chars | BC1: raw_output_chars | BD1: group
A2: HumanEval/0 | B2: humaneval | C2: 0 | D2: baseline_deterministic | E2: TRUE | F2: FALSE | G2: {'type': None} | H2: from typing import List def has_close_elements(numbers: List[float], threshold: float) -> bool: """ Check if in given list of numbers, are any two numbers closer to each other than given threshold. >>> has_close_elements([1.0, 2.0, 3.0], 0.5) False >>> has_close_elements([1.0, 2.8, 3.0, 4.0, 5.0, 2.0], 0.3) True """ | I2: ```python from typing import List def has_close_elements(numbers: List[float], threshold: float) -> bool: for i in range(len(numbers)): for j in range(i + 1, len(numbers)): if abs(numbers[i] - numbers[j]) < threshold: return True return False ``` | J2: from typing import List def has_close_elements(numbers: List[float], threshold: float) -> bool: for i in range(len(numbers)): for j in range(i + 1, len(numbers)): if abs(numbers[i] - numbers[j]) < threshold: return True return False | K2: 68 | L2: 6.8494193 | M2: 0.038944983 | N2: 0.94724488 | O2: 10.931108 | P2: 1.15625 | S2: 68 | T2: 0.038944983 | U2: 0.1515154 | V2: 1.3757605e-06 | W2: 0.94724488 | X2: 0.94724351 | Y2: 0.03599484 | Z2: 0.19336686 | AA2: 0.7926706 | AB2: 10.931108 | AC2: 3.6743475 | AD2: 1.15625 | AE2: 1.8053125 | AF2: 3.124432 | AG2: 5.249859 | AH2: 2 | AI2: 0 | AJ2: 0 | AK2: 0 | AL2: 0.029411765 | AM2: 0 | AN2: 0 | AO2: 0 | AP2: 0 | AQ2: 0 | AR2: 0 | AS2: 0.059960622 | AT2: 0.9469509 | AU2: 0.19751702 | AV2: 1 | AW2: 0 | AX2: 0 | AY2: 0 | AZ2: 0 | BA2: 8 | BB2: 277 | BC2: 291 | BD2: Pass
A3: HumanEval/1 | B3: humaneval | C3: 0 | D3: baseline_deterministic | E3: TRUE | F3: FALSE | G3: {'type': None} | H3: from typing import List def separate_paren_groups(paren_string: str) -> List[str]: """ Input to this function is a string containing multiple groups of nested parentheses. Your goal is to separate those group into separate strings and return the list of those. Separate groups are balanced (each open brace is properly closed) and not nested within each other Ignore any spaces in the input string. >>> separate_paren_groups('( ) (( )) (( )( ))') ['()', '(())', '(()())'] """ | I3: ```python from typing import List def separate_paren_groups(paren_string: str) -> List[str]: result = [] current_group = [] depth = 0 for char in paren_string.replace(' ', ''): if char == '(': depth += 1 current_group.append(char) elif char == ')': depth -= 1 current_group.append(char) if depth == 0: result.append(''.join(current_group)) current_group = [] return result ``` | J3: from typing import List def separate_paren_groups(paren_string: str) -> List[str]: result = [] current_group = [] depth = 0 for char in paren_string.replace(' ', ''): if char == '(': depth += 1 current_group.append(char) elif char == ')': depth -= 1 current_group.append(char) if depth == 0: result.append(''.join(current_group)) current_group = [] return result | K3: 111 | L3: 7.4449092 | M3: 0.064491988 | N3: 0.90689397 | O3: 10.27761 | P3: 0.12784004 | S3: 111 | T3: 0.064491988 | U3: 0.19070704 | V3: 1.2766128e-07 | W3: 0.90689397 | X3: 0.90689384 | Y3: 0.089895874 | Z3: 0.55039287 | AA3: 0.89673977 | AB3: 10.27761 | AC3: 4.2862837 | AD3: 0.12784004 | AE3: 0.28991489 | AF3: 1.84375 | AG3: 4.144886 | AH3: 6 | AI3: 0 | AJ3: 0 | AK3: 0 | AL3: 0.054054054 | AM3: 0 | AN3: 0 | AO3: 0 | AP3: 0 | AQ3: 1 | AR3: 2 | AS3: 0.11386651 | AT3: 0.90467545 | AU3: 0.2652809 | AV3: 1 | AW3: 0 | AX3: 0 | AY3: 0 | AZ3: 0 | BA3: 19 | BB3: 493 | BC3: 507 | BD3: Pass
A4: HumanEval/2 | B4: humaneval | C4: 0 | D4: baseline_deterministic | E4: TRUE | F4: FALSE | G4: {'type': None} | H4: def truncate_number(number: float) -> float: """ Given a positive floating point number, it can be decomposed into and integer part (largest integer smaller than given number) and decimals (leftover part always smaller than 1). Return the decimal part of the number. >>> truncate_number(3.5) 0.5 """ | I4: ```python def truncate_number(number: float) -> float: return number - int(number) ``` | J4: def truncate_number(number: float) -> float: return number - int(number) | K4: 22 | L4: 1.4743642 | M4: 0.06573696 | N4: 0.72922671 | O4: 8.3476245 | P4: 1.477272 | S4: 22 | T4: 0.06573696 | U4: 0.17648287 | V4: 3.066604e-05 | W4: 0.72922671 | X4: 0.72919604 | Y4: 0.12100854 | Z4: 0.4282833 | AA4: 0.66931793 | AB4: 8.3476245 | AC4: 3.3785621 | AD4: 1.477272 | AE4: 1.6923433 | AF4: 2.5625005 | AG4: 3.8710224 | AH4: 1 | AI4: 0 | AJ4: 0 | AK4: 0 | AL4: 0.045454545 | AM4: 0 | AN4: 0 | AO4: 0 | AP4: 0 | AQ4: 0 | AR4: 0 | AS4: 0.094460238 | AT4: 0.72703638 | AU4: 0.20951935 | AV4: 1 | AW4: 0 | AX4: 0 | AY4: 0 | AZ4: 0 | BA4: 2 | BB4: 76 | BC4: 90 | BD4: Pass
A5: HumanEval/3 | B5: humaneval | C5: 0 | D5: baseline_deterministic | E5: TRUE | F5: FALSE | G5: {'type': None} | H5: from typing import List def below_zero(operations: List[int]) -> bool: """ You're given a list of deposit and withdrawal operations on a bank account that starts with zero balance. Your task is to detect if at any point the balance of account fallls below zero, and at that point function should return True. Otherwise it should return False. >>> below_zero([1, 2, 3]) False >>> below_zero([1, 2, -4, 5]) True """ | I5: ```python from typing import List def below_zero(operations: List[int]) -> bool: balance = 0 for operation in operations: balance += operation if balance < 0: return True return False ``` | J5: from typing import List def below_zero(operations: List[int]) -> bool: balance = 0 for operation in operations: balance += operation if balance < 0: return True return False | K5: 54 | L5: 3.6386415 | M5: 0.037913217 | N5: 0.54440379 | O5: 10.495147 | P5: 1.786932 | S5: 54 | T5: 0.037913217 | U5: 0.1162561 | V5: 5.8322394e-07 | W5: 0.54440379 | X5: 0.54440321 | Y5: 0.06065647 | Z5: 0.37388357 | AA5: 0.47988176 | AB5: 10.495147 | AC5: 3.6842977 | AD5: 1.786932 | AE5: 1.7884372 | AF5: 2.0757812 | AG5: 4.8455976 | AH5: 1 | AI5: 0 | AJ5: 0 | AK5: 0 | AL5: 0.018518519 | AM5: 0 | AN5: 0 | AO5: 0 | AP5: 0 | AQ5: 0 | AR5: 0 | AS5: 0.061193795 | AT5: 0.54189218 | AU5: 0.14925609 | AV5: 1 | AW5: 0 | AX5: 0 | AY5: 0 | AZ5: 0 | BA5: 9 | BB5: 214 | BC5: 228 | BD5: Pass
A6: HumanEval/4 | B6: humaneval | C6: 0 | D6: baseline_deterministic | E6: TRUE | F6: FALSE | G6: {'type': None} | H6: from typing import List def mean_absolute_deviation(numbers: List[float]) -> float: """ For a given list of input numbers, calculate Mean Absolute Deviation around the mean of this dataset. Mean Absolute Deviation is the average absolute difference between each element and a centerpoint (mean in this case): MAD = average | x - x_mean | >>> mean_absolute_deviation([1.0, 2.0, 3.0, 4.0]) 1.0 """ | I6: ```python from typing import List def mean_absolute_deviation(numbers: List[float]) -> float: mean = sum(numbers) / len(numbers) return sum(abs(x - mean) for x in numbers) / len(numbers) ``` | J6: from typing import List def mean_absolute_deviation(numbers: List[float]) -> float: mean = sum(numbers) / len(numbers) return sum(abs(x - mean) for x in numbers) / len(numbers) | K6: 50 | L6: 3.4043807 | M6: 0.080597076 | N6: 1.0592155 | O6: 9.3280261 | P6: 0.18465805 | S6: 50 | T6: 0.080597076 | U6: 0.23705056 | V6: 8.9779123e-06 | W6: 1.0592155 | X6: 1.0592066 | Y6: 0.097900273 | Z6: 0.67773569 | AA6: 1.0252042 | AB6: 9.3280261 | AC6: 3.9965491 | AD6: 0.18465805 | AE6: 0.53058186 | AF6: 1.1259944 | AG6: 4.4920448 | AH6: 4 | AI6: 1 | AJ6: 0 | AK6: 0 | AL6: 0.08 | AM6: 0.02 | AN6: 0 | AO6: 0 | AP6: 0 | AQ6: 1 | AR6: 1 | AS6: 0.13319676 | AT6: 1.0584926 | AU6: 0.32451756 | AV6: 1 | AW6: 1 | AX6: 0 | AY6: 0 | AZ6: 1 | BA6: 5 | BB6: 185 | BC6: 199 | BD6: Pass
A7: HumanEval/5 | B7: humaneval | C7: 0 | D7: baseline_deterministic | E7: TRUE | F7: FALSE | G7: {'type': None} | H7: from typing import List def intersperse(numbers: List[int], delimeter: int) -> List[int]: """ Insert a number 'delimeter' between every two consecutive elements of input list `numbers' >>> intersperse([], 4) [] >>> intersperse([1, 2, 3], 4) [1, 4, 2, 4, 3] """ | I7: ```python from typing import List def intersperse(numbers: List[int], delimiter: int) -> List[int]: result = [] for i, num in enumerate(numbers): result.append(num) if i < len(numbers) - 1: result.append(delimiter) return result ``` | J7: from typing import List def intersperse(numbers: List[int], delimiter: int) -> List[int]: result = [] for i, num in enumerate(numbers): result.append(num) if i < len(numbers) - 1: result.append(delimiter) return result | K7: 65 | L7: 4.3282141 | M7: 0.076676901 | N7: 0.90023786 | O7: 9.6018906 | P7: 0.015625 | S7: 65 | T7: 0.076676901 | U7: 0.19895919 | V7: 1.4214147e-06 | W7: 0.90023786 | X7: 0.90023644 | Y7: 0.21074783 | Z7: 0.57395328 | AA7: 0.83114167 | AB7: 9.6018906 | AC7: 4.3085445 | AD7: 0.015625 | AE7: 0.28289795 | AF7: 1.2551147 | AG7: 3.1409088 | AH7: 6 | AI7: 0 | AJ7: 0 | AK7: 0 | AL7: 0.092307692 | AM7: 0 | AN7: 0 | AO7: 1 | AP7: 1 | AQ7: 1 | AR7: 2 | AS7: 0.11330989 | AT7: 0.89974878 | AU7: 0.25432959 | AV7: 2 | AW7: 0 | AX7: 0 | AY7: 0 | AZ7: 0 | BA7: 9 | BB7: 259 | BC7: 273 | BD7: Pass
A8: HumanEval/6 | B8: humaneval | C8: 0 | D8: baseline_deterministic | E8: TRUE | F8: FALSE | G8: {'type': None} | H8: from typing import List def parse_nested_parens(paren_string: str) -> List[int]: """ Input to this function is a string represented multiple groups for nested parentheses separated by spaces. For each of the group, output the deepest level of nesting of parentheses. E.g. (()()) has maximum two levels of nesting while ((())) has three. >>> parse_nested_parens('(()()) ((())) () ((())()())') [2, 3, 1, 3] """ | I8: ```python from typing import List def parse_nested_parens(paren_string: str) -> List[int]: result = [] for group in paren_string.split(): depth = max_depth = 0 for char in group: if char == '(': depth += 1 max_depth = max(max_depth, depth) elif char == ')': depth -= 1 result.append(max_depth) return result ``` | J8: from typing import List def parse_nested_parens(paren_string: str) -> List[int]: result = [] for group in paren_string.split(): depth = max_depth = 0 for char in group: if char == '(': depth += 1 max_depth = max(max_depth, depth) elif char == ')': depth -= 1 result.append(max_depth) return result | K8: 96 | L8: 6.4661657 | M8: 0.067659937 | N8: 1.6361785 | O8: 10.351112 | P8: 0.015625 | S8: 96 | T8: 0.067659937 | U8: 0.22197129 | V8: 7.7469855e-07 | W8: 1.6361785 | X8: 1.6361777 | Y8: 0.19514153 | Z8: 0.50082266 | AA8: 0.90449341 | AB8: 10.351112 | AC8: 4.2466624 | AD8: 0.015625 | AE8: 0.2828125 | AF8: 1.4151278 | AG8: 3.038352 | AH8: 5 | AI8: 1 | AJ8: 1 | AK8: 0 | AL8: 0.052083333 | AM8: 0.010416667 | AN8: 0.010416667 | AO8: 1 | AP8: 1 | AQ8: 1 | AR8: 2 | AS8: 0.10468314 | AT8: 1.6360386 | AU8: 0.29796033 | AV8: 1 | AW8: 1 | AX8: 1 | AY8: 0 | AZ8: 1 | BA8: 14 | BB8: 406 | BC8: 420 | BD8: Pass
A9: HumanEval/7 | B9: humaneval | C9: 0 | D9: baseline_deterministic | E9: TRUE | F9: FALSE | G9: {'type': None} | H9: from typing import List def filter_by_substring(strings: List[str], substring: str) -> List[str]: """ Filter an input list of strings only for ones that contain given substring >>> filter_by_substring([], 'a') [] >>> filter_by_substring(['abc', 'bacd', 'cde', 'array'], 'a') ['abc', 'bacd', 'array'] """ | I9: ```python from typing import List def filter_by_substring(strings: List[str], substring: str) -> List[str]: return [s for s in strings if substring in s] ``` | J9: from typing import List def filter_by_substring(strings: List[str], substring: str) -> List[str]: return [s for s in strings if substring in s] | K9: 41 | L9: 2.7362653 | M9: 0.06401249 | N9: 0.74872035 | O9: 9.6356886 | P9: 1.352272 | S9: 41 | T9: 0.06401249 | U9: 0.17150069 | V9: 7.7235873e-06 | W9: 0.74872035 | X9: 0.74871262 | Y9: 0.26676482 | Z9: 0.51785553 | AA9: 0.65690168 | AB9: 9.6356886 | AC9: 3.7416307 | AD9: 1.352272 | AE9: 1.4727264 | AF9: 2.1448879 | AG9: 2.546875 | AH9: 3 | AI9: 0 | AJ9: 0 | AK9: 0 | AL9: 0.073170732 | AM9: 0 | AN9: 0 | AO9: 0 | AP9: 0 | AQ9: 0 | AR9: 0 | AS9: 0.091302301 | AT9: 0.74645616 | AU9: 0.21583202 | AV9: 1 | AW9: 0 | AX9: 0 | AY9: 0 | AZ9: 0 | BA9: 4 | BB9: 148 | BC9: 162 | BD9: Pass
A10: HumanEval/8 | B10: humaneval | C10: 0 | D10: baseline_deterministic | E10: TRUE | F10: FALSE | G10: {'type': None} | H10: from typing import List, Tuple def sum_product(numbers: List[int]) -> Tuple[int, int]: """ For a given list of integers, return a tuple consisting of a sum and a product of all the integers in a list. Empty sum should be equal to 0 and empty product should be equal to 1. >>> sum_product([]) (0, 1) >>> sum_product([1, 2, 3, 4]) (10, 24) """ | I10: ```python from typing import List, Tuple def sum_product(numbers: List[int]) -> Tuple[int, int]: if not numbers: return (0, 1) total_sum = sum(numbers) total_product = 1 for number in numbers: total_product *= number return (total_sum, total_product) ``` | J10: from typing import List, Tuple def sum_product(numbers: List[int]) -> Tuple[int, int]: if not numbers: return (0, 1) total_sum = sum(numbers) total_product = 1 for number in numbers: total_product *= number return (total_sum, total_product) | K10: 75 | L10: 5.0417852 | M10: 0.076868743 | N10: 1.1571183 | O10: 9.5909096 | P10: 0.796875 | S10: 75 | T10: 0.076868743 | U10: 0.20516828 | V10: 3.2629498e-06 | W10: 1.1571183 | X10: 1.1571151 | Y10: 0.21294627 | Z10: 0.50669127 | AA10: 0.99532377 | AB10: 9.5909096 | AC10: 4.1987145 | AD10: 0.796875 | AE10: 0.81789696 | AF10: 1.5923288 | AG10: 3.095171 | AH10: 4 | AI10: 1 | AJ10: 0 | AK10: 0 | AL10: 0.053333333 | AM10: 0.013333333 | AN10: 0 | AO10: 0 | AP10: 0 | AQ10: 0 | AR10: 0 | AS10: 0.1317978 | AT10: 1.1527553 | AU10: 0.27957244 | AV10: 1 | AW10: 1 | AX10: 0 | AY10: 0 | AZ10: 1 | BA10: 12 | BB10: 287 | BC10: 301 | BD10: Pass
A11: HumanEval/9 | B11: humaneval | C11: 0 | D11: baseline_deterministic | E11: TRUE | F11: FALSE | G11: {'type': None} | H11: from typing import List, Tuple def rolling_max(numbers: List[int]) -> List[int]: """ From a given list of integers, generate a list of rolling maximum element found until given moment in the sequence. >>> rolling_max([1, 2, 3, 2, 3, 4, 2]) [1, 2, 3, 3, 3, 4, 4] """ | I11: ```python from typing import List, Tuple def rolling_max(numbers: List[int]) -> List[int]: if not numbers: return [] result = [] current_max = float('-inf') for number in numbers: current_max = max(current_max, number) result.append(current_max) return result ``` | J11: from typing import List, Tuple def rolling_max(numbers: List[int]) -> List[int]: if not numbers: return [] result = [] current_max = float('-inf') for number in numbers: current_max = max(current_max, number) result.append(current_max) return result | K11: 72 | L11: 4.8260712 | M11: 0.12914795 | N11: 1.3569288 | O11: 9.2316332 | P11: 0.22301102 | S11: 72 | T11: 0.12914795 | U11: 0.2851342 | V11: 5.7710049e-06 | W11: 1.3569288 | X11: 1.3569231 | Y11: 0.62040457 | Z11: 0.74548785 | AA11: 1.0993967 | AB11: 9.2316332 | AC11: 4.825562 | AD11: 0.22301102 | AE11: 0.25326694 | AF11: 0.58884935 | AG11: 0.96732903 | AH11: 10 | AI11: 1 | AJ11: 0 | AK11: 0 | AL11: 0.13888889 | AM11: 0.013888889 | AN11: 0 | AO11: 0 | AP11: 0 | AQ11: 1 | AR11: 3 | AS11: 0.23262122 | AT11: 1.3553417 | AU11: 0.41765592 | AV11: 1 | AW11: 1 | AX11: 0 | AY11: 0 | AZ11: 1 | BA11: 13 | BB11: 304 | BC11: 318 | BD11: Pass
A12: HumanEval/10 | B12: humaneval | C12: 0 | D12: baseline_deterministic | E12: FALSE | F12: TRUE | G12: {'type': 'RuntimeError', 'message': "NameError: name 'is_palindrome' is not defined. Did you mean: 'make_palindrome'?", 'stderr_tail': 'Traceback (most recent call last):\n File "/tmp/tmpt4uudtga/candidate_eval.py", line 47, in <module>\n check(make_palindrome)\n File "/tmp/tmpt4uudtga/candidate_eval.py", line 40, in check\n assert candidate(\'\') == \'\'\n ^^^^^^^^^^^^^\n File "/tmp/tmpt4uudtga/candidate_eval.py", line 27, in make_palindrome\n if is_palindrome(string[:i]):\n ^^^^^^^^^^^^^\nNameError: name \'is_palindrome\' is not defined. Did you mean: \'make_palindrome\'?\n', 'stdout_tail': ''} | H12: def is_palindrome(string: str) -> bool: """ Test if given string is a palindrome """ return string == string[::-1] def make_palindrome(string: str) -> str: """ Find the shortest palindrome that begins with a supplied string. Algorithm idea is simple: - Find the longest postfix of supplied string that is a palindrome. - Append to the end of the string reverse of a string prefix that comes before the palindromic suffix. >>> make_palindrome('') '' >>> make_palindrome('cat') 'catac' >>> make_palindrome('cata') 'catac' """ | I12: ```python def make_palindrome(string: str) -> str: """ Find the shortest palindrome that begins with a supplied string. Algorithm idea is simple: - Find the longest postfix of supplied string that is a palindrome. - Append to the end of the string reverse of a string prefix that comes before the palindromic suffix. >>> make_palindrome('') '' >>> make_palindrome('cat') 'catac' >>> make_palindrome('cata') 'catac' """ n = len(string) for i in range(n, -1, -1): if is_palindrome(string[:i]): return string + string[i-1::-1] return string ``` | J12: def make_palindrome(string: str) -> str: """ Find the shortest palindrome that begins with a supplied string. Algorithm idea is simple: - Find the longest postfix of supplied string that is a palindrome. - Append to the end of the string reverse of a string prefix that comes before the palindromic suffix. >>> make_palindrome('') '' >>> make_palindrome('cat') 'catac' >>> make_palindrome('cata') 'catac' """ n = len(string) for i in range(n, -1, -1): if is_palindrome(string[:i]): return string + string[i-1::-1] return string | K12: 155 | L12: 10.442714 | M12: 0.062950663 | N12: 1.3502294 | O12: 9.3640952 | P12: 0.78267097 | Q12: RuntimeError | R12: NameError: name 'is_palindrome' is not defined. Did you mean: 'make_palindrome'? | S12: 155 | T12: 0.062950663 | U12: 0.19747266 | V12: 1.3598124e-05 | W12: 1.3502294 | X12: 1.3502158 | Y12: 0.11780825 | Z12: 0.51041974 | AA12: 0.94273655 | AB12: 9.3640952 | AC12: 3.4438279 | AD12: 0.78267097 | AE12: 1.1125286 | AF12: 1.7525558 | AG12: 4.067046 | AH12: 9 | AI12: 2 | AJ12: 0 | AK12: 0 | AL12: 0.058064516 | AM12: 0.012903226 | AN12: 0 | AO12: 0 | AP12: 0 | AQ12: 0 | AR12: 0 | AS12: 0.10592388 | AT12: 1.3442262 | AU12: 0.27177335 | AV12: 1 | AW12: 1 | AX12: 0 | AY12: 0 | AZ12: 1 | BA12: 17 | BB12: 603 | BC12: 617 | BD12: Other_fail
A13: HumanEval/11 | B13: humaneval | C13: 0 | D13: baseline_deterministic | E13: TRUE | F13: FALSE | G13: {'type': None} | H13: from typing import List def string_xor(a: str, b: str) -> str: """ Input are two strings a and b consisting only of 1s and 0s. Perform binary XOR on these inputs and return result also as a string. >>> string_xor('010', '110') '100' """ | I13: ```python from typing import List def string_xor(a: str, b: str) -> str: """ Input are two strings a and b consisting only of 1s and 0s. Perform binary XOR on these inputs and return result also as a string. >>> string_xor('010', '110') '100' """ return ''.join(str(int(x) ^ int(y)) for x, y in zip(a, b)) ``` | J13: from typing import List def string_xor(a: str, b: str) -> str: """ Input are two strings a and b consisting only of 1s and 0s. Perform binary XOR on these inputs and return result also as a string. >>> string_xor('010', '110') '100' """ return ''.join(str(int(x) ^ int(y)) for x, y in zip(a, b)) | K13: 103 | L13: 6.8013432 | M13: 0.059633229 | N13: 1.1092231 | O13: 10.071313 | P13: 0.25568199 | S13: 103 | T13: 0.059633229 | U13: 0.19294062 | V13: 3.882607e-06 | W13: 1.1092231 | X13: 1.1092192 | Y13: 0.11876967 | Z13: 0.56860641 | AA13: 0.84508218 | AB13: 10.071313 | AC13: 3.6895284 | AD13: 0.25568199 | AE13: 0.75042599 | AF13: 1.7309652 | AG13: 4.7036934 | AH13: 6 | AI13: 1 | AJ13: 0 | AK13: 0 | AL13: 0.058252427 | AM13: 0.0097087379 | AN13: 0 | AO13: 0 | AP13: 0 | AQ13: 0 | AR13: 1 | AS13: 0.091989847 | AT13: 1.1063916 | AU13: 0.24802652 | AV13: 1 | AW13: 1 | AX13: 0 | AY13: 0 | AZ13: 1 | BA13: 9 | BB13: 320 | BC13: 334 | BD13: Pass
A14: HumanEval/12 | B14: humaneval | C14: 0 | D14: baseline_deterministic | E14: TRUE | F14: FALSE | G14: {'type': None} | H14: from typing import List, Optional def longest(strings: List[str]) -> Optional[str]: """ Out of list of strings, return the longest one. Return the first one in case of multiple strings of the same length. Return None in case the input list is empty. >>> longest([]) >>> longest(['a', 'b', 'c']) 'a' >>> longest(['a', 'bb', 'ccc']) 'ccc' """ | I14: ```python from typing import List, Optional def longest(strings: List[str]) -> Optional[str]: if not strings: return None return max(strings, key=len) ``` | J14: from typing import List, Optional def longest(strings: List[str]) -> Optional[str]: if not strings: return None return max(strings, key=len) | K14: 40 | L14: 2.7086916 | M14: 0.056988135 | N14: 0.50766248 | O14: 8.670384 | P14: 1.822443 | S14: 40 | T14: 0.056988135 | U14: 0.12458233 | V14: 8.8003098e-06 | W14: 0.50766248 | X14: 0.50765367 | Y14: 0.18898669 | Z14: 0.39503533 | AA14: 0.46954635 | AB14: 8.670384 | AC14: 3.6428547 | AD14: 1.822443 | AE14: 1.8706388 | AF14: 2.7057513 | AG14: 3.1910513 | AH14: 1 | AI14: 0 | AJ14: 0 | AK14: 0 | AL14: 0.025 | AM14: 0 | AN14: 0 | AO14: 0 | AP14: 0 | AQ14: 0 | AR14: 0 | AS14: 0.09884305 | AT14: 0.50727004 | AU14: 0.18042414 | AV14: 1 | AW14: 0 | AX14: 0 | AY14: 0 | AZ14: 0 | BA14: 6 | BB14: 157 | BC14: 171 | BD14: Pass
A15: HumanEval/13 | B15: humaneval | C15: 0 | D15: baseline_deterministic | E15: TRUE | F15: FALSE | G15: {'type': None} | H15: def greatest_common_divisor(a: int, b: int) -> int: """ Return a greatest common divisor of two integers a and b >>> greatest_common_divisor(3, 5) 1 >>> greatest_common_divisor(25, 15) 5 """ | I15: ```python def greatest_common_divisor(a: int, b: int) -> int: while b != 0: a, b = b, a % b return a ``` | J15: def greatest_common_divisor(a: int, b: int) -> int: while b != 0: a, b = b, a % b return a | K15: 43 | L15: 2.8360017 | M15: 0.077366587 | N15: 1.0636663 | O15: 9.4085629 | P15: 0.59517097 | S15: 43 | T15: 0.077366587 | U15: 0.23591415 | V15: 1.5137123e-06 | W15: 1.0636663 | X15: 1.0636648 | Y15: 0.1273774 | Z15: 0.59771966 | AA15: 1.031328 | AB15: 9.4085629 | AC15: 4.0022243 | AD15: 0.59517097 | AE15: 0.66019917 | AF15: 1.7684652 | AG15: 3.5707386 | AH15: 3 | AI15: 1 | AJ15: 0 | AK15: 0 | AL15: 0.069767442 | AM15: 0.023255814 | AN15: 0 | AO15: 0 | AP15: 0 | AQ15: 0 | AR15: 0 | AS15: 0.12237155 | AT15: 1.0461464 | AU15: 0.30805729 | AV15: 1 | AW15: 1 | AX15: 0 | AY15: 0 | AZ15: 1 | BA15: 4 | BB15: 106 | BC15: 120 | BD15: Pass
A16: HumanEval/14 | B16: humaneval | C16: 0 | D16: baseline_deterministic | E16: TRUE | F16: FALSE | G16: {'type': None} | H16: from typing import List def all_prefixes(string: str) -> List[str]: """ Return list of all prefixes from shortest to longest of the input string >>> all_prefixes('abc') ['a', 'ab', 'abc'] """ | I16: ```python from typing import List def all_prefixes(string: str) -> List[str]: return [string[:i] for i in range(1, len(string) + 1)] ``` | J16: from typing import List def all_prefixes(string: str) -> List[str]: return [string[:i] for i in range(1, len(string) + 1)] | K16: 43 | L16: 2.8365608 | M16: 0.071679214 | N16: 0.88573432 | O16: 10.192588 | P16: 0.10653305 | S16: 43 | T16: 0.071679214 | U16: 0.20168868 | V16: 8.0795627e-07 | W16: 0.88573432 | X16: 0.88573351 | Y16: 0.14961665 | Z16: 0.66093926 | AA16: 0.81168131 | AB16: 10.192588 | AC16: 4.6815219 | AD16: 0.10653305 | AE16: 0.15664742 | AF16: 1.0188921 | AG16: 3.5607956 | AH16: 3 | AI16: 0 | AJ16: 0 | AK16: 0 | AL16: 0.069767442 | AM16: 0 | AN16: 0 | AO16: 0 | AP16: 0 | AQ16: 2 | AR16: 2 | AS16: 0.10585645 | AT16: 0.88319897 | AU16: 0.24695493 | AV16: 1 | AW16: 0 | AX16: 0 | AY16: 0 | AZ16: 0 | BA16: 4 | BB16: 127 | BC16: 142 | BD16: Pass
A17: HumanEval/15 | B17: humaneval | C17: 0 | D17: baseline_deterministic | E17: TRUE | F17: FALSE | G17: {'type': None} | H17: def string_sequence(n: int) -> str: """ Return a string containing space-delimited numbers starting from 0 upto n inclusive. >>> string_sequence(0) '0' >>> string_sequence(5) '0 1 2 3 4 5' """ | I17: ```python def string_sequence(n: int) -> str: return ' '.join(str(i) for i in range(n + 1)) ``` | J17: def string_sequence(n: int) -> str: return ' '.join(str(i) for i in range(n + 1)) | K17: 32 | L17: 2.1127557 | M17: 0.067144941 | N17: 0.65725547 | O17: 10.01254 | P17: 1.568182 | S17: 32 | T17: 0.067144941 | U17: 0.15885294 | V17: 1.1587908e-06 | W17: 0.65725547 | X17: 0.65725431 | Y17: 0.24801183 | Z17: 0.4372939 | AA17: 0.59653513 | AB17: 10.01254 | AC17: 4.7477362 | AD17: 1.568182 | AE17: 1.6470029 | AF17: 1.8950996 | AG17: 2.66875 | AH17: 1 | AI17: 0 | AJ17: 0 | AK17: 0 | AL17: 0.03125 | AM17: 0 | AN17: 0 | AO17: 0 | AP17: 0 | AQ17: 0 | AR17: 0 | AS17: 0.10994862 | AT17: 0.65418749 | AU17: 0.2063012 | AV17: 1 | AW17: 0 | AX17: 0 | AY17: 0 | AZ17: 0 | BA17: 2 | BB17: 85 | BC17: 99 | BD17: Pass
A18: HumanEval/16 | B18: humaneval | C18: 0 | D18: baseline_deterministic | E18: TRUE | F18: FALSE | G18: {'type': None} | H18: def count_distinct_characters(string: str) -> int: """ Given a string, find out how many distinct characters (regardless of case) does it consist of >>> count_distinct_characters('xyzXYZ') 3 >>> count_distinct_characters('Jerry') 4 """ | I18: ```python def count_distinct_characters(string: str) -> int: return len(set(string.lower())) ``` | J18: def count_distinct_characters(string: str) -> int: return len(set(string.lower())) | K18: 24 | L18: 1.5932222 | M18: 0.090218814 | N18: 0.61896223 | O18: 7.950255 | P18: 1.606535 | S18: 24 | T18: 0.090218814 | U18: 0.18610724 | V18: 2.9160576e-05 | W18: 0.61896223 | X18: 0.61893307 | Y18: 0.43598098 | Z18: 0.48677768 | AA18: 0.58983185 | AB18: 7.950255 | AC18: 3.6254645 | AD18: 1.606535 | AE18: 1.698012 | AF18: 2.1174005 | AG18: 2.9869331 | AH18: 1 | AI18: 0 | AJ18: 0 | AK18: 0 | AL18: 0.041666667 | AM18: 0 | AN18: 0 | AO18: 0 | AP18: 0 | AQ18: 0 | AR18: 0 | AS18: 0.14958998 | AT18: 0.61601831 | AU18: 0.25596756 | AV18: 1 | AW18: 0 | AX18: 0 | AY18: 0 | AZ18: 0 | BA18: 2 | BB18: 86 | BC18: 100 | BD18: Pass
A19: HumanEval/17 | B19: humaneval | C19: 0 | D19: baseline_deterministic | E19: TRUE | F19: FALSE | G19: {'type': None} | H19: from typing import List def parse_music(music_string: str) -> List[int]: """ Input to this function is a string representing musical notes in a special ASCII format. Your task is to parse this string and return list of integers corresponding to how many beats does each not last. Here is a legend: 'o' - whole note, lasts four beats 'o|' - half note, lasts two beats '.|' - quater note, lasts one beat >>> parse_music('o o| .| o| o| .| .| .| .| o o') [4, 2, 1, 2, 2, 1, 1, 1, 1, 4, 4] """ | I19: ```python from typing import List def parse_music(music_string: str) -> List[int]: """ Input to this function is a string representing musical notes in a special ASCII format. Your task is to parse this string and return list of integers corresponding to how many beats does each note last. Here is a legend: 'o' - whole note, lasts four beats 'o|' - half note, lasts two beats '.|' - quarter note, lasts one beat >>> parse_music('o o| .| o| o| .| .| .| .| o o') [4, 2, 1, 2, 2, 1, 1, 1, 1, 4, 4] """ note_map = {'o': 4, 'o|': 2, '.|': 1} return [note_map[note] for note in music_string.split()] ``` | J19: from typing import List def parse_music(music_string: str) -> List[int]: """ Input to this function is a string representing musical notes in a special ASCII format. Your task is to parse this string and return list of integers corresponding to how many beats does each note last. Here is a legend: 'o' - whole note, lasts four beats 'o|' - half note, lasts two beats '.|' - quarter note, lasts one beat >>> parse_music('o o| .| o| o| .| .| .| .| o o') [4, 2, 1, 2, 2, 1, 1, 1, 1, 4, 4] """ note_map = {'o': 4, 'o|': 2, '.|': 1} return [note_map[note] for note in music_string.split()] | K19: 208 | L19: 14.136534 | M19: 0.049633345 | N19: 1.9797019 | O19: 10.700384 | P19: 0.12784195 | S19: 208 | T19: 0.049633345 | U19: 0.21596802 | V19: 1.0875229e-05 | W19: 1.9797019 | X19: 1.979691 | Y19: 0.031460848 | Z19: 0.34241218 | AA19: 0.72332259 | AB19: 10.700384 | AC19: 3.400452 | AD19: 0.12784195 | AE19: 0.55582472 | AF19: 2.6765627 | AG19: 5.8480108 | AH19: 6 | AI19: 2 | AJ19: 2 | AK19: 0 | AL19: 0.028846154 | AM19: 0.0096153846 | AN19: 0.0096153846 | AO19: 0 | AP19: 0 | AQ19: 1 | AR19: 3 | AS19: 0.078958554 | AT19: 1.8821417 | AU19: 0.26786943 | AV19: 2 | AW19: 1 | AX19: 1 | AY19: 0 | AZ19: 1 | BA19: 17 | BB19: 636 | BC19: 650 | BD19: Pass
A20: HumanEval/18 | B20: humaneval | C20: 0 | D20: baseline_deterministic | E20: TRUE | F20: FALSE | G20: {'type': None} | H20: def how_many_times(string: str, substring: str) -> int: """ Find how many times a given substring can be found in the original string. Count overlaping cases. >>> how_many_times('', 'a') 0 >>> how_many_times('aaa', 'a') 3 >>> how_many_times('aaaa', 'aa') 3 """ | I20: ```python def how_many_times(string: str, substring: str) -> int: count = 0 start = 0 while True: start = string.find(substring, start) if start == -1: break count += 1 start += 1 return count ``` | J20: def how_many_times(string: str, substring: str) -> int: count = 0 start = 0 while True: start = string.find(substring, start) if start == -1: break count += 1 start += 1 return count | K20: 72 | L20: 4.7681453 | M20: 0.06850435 | N20: 0.71194214 | O20: 9.6497499 | P20: 0.32670593 | S20: 72 | T20: 0.06850435 | U20: 0.16972679 | V20: 2.9775072e-07 | W20: 0.71194214 | X20: 0.71194184 | Y20: 0.31978745 | Z20: 0.45148027 | AA20: 0.69570812 | AB20: 9.6497499 | AC20: 4.3081455 | AD20: 0.32670593 | AE20: 0.79365097 | AF20: 2.0987207 | AG20: 2.5367897 | AH20: 3 | AI20: 0 | AJ20: 0 | AK20: 0 | AL20: 0.041666667 | AM20: 0 | AN20: 0 | AO20: 0 | AP20: 0 | AQ20: 0 | AR20: 1 | AS20: 0.12885106 | AT20: 0.71187163 | AU20: 0.25081731 | AV20: 1 | AW20: 0 | AX20: 0 | AY20: 0 | AZ20: 0 | BA20: 10 | BB20: 242 | BC20: 256 | BD20: Pass
A21: HumanEval/19 | B21: humaneval | C21: 0 | D21: baseline_deterministic | E21: TRUE | F21: FALSE | G21: {'type': None} | H21: from typing import List def sort_numbers(numbers: str) -> str: """ Input is a space-delimited string of numberals from 'zero' to 'nine'. Valid choices are 'zero', 'one', 'two', 'three', 'four', 'five', 'six', 'seven', 'eight' and 'nine'. Return the string with numbers sorted from smallest to largest >>> sort_numbers('three one five') 'one three five' """ | I21: ```python from typing import List def sort_numbers(numbers: str) -> str: num_map = { 'zero': 0, 'one': 1, 'two': 2, 'three': 3, 'four': 4, 'five': 5, 'six': 6, 'seven': 7, 'eight': 8, 'nine': 9 } sorted_nums = sorted(numbers.split(), key=lambda x: num_map[x]) return ' '.join(sorted_nums) ``` | J21: from typing import List def sort_numbers(numbers: str) -> str: num_map = { 'zero': 0, 'one': 1, 'two': 2, 'three': 3, 'four': 4, 'five': 5, 'six': 6, 'seven': 7, 'eight': 8, 'nine': 9 } sorted_nums = sorted(numbers.split(), key=lambda x: num_map[x]) return ' '.join(sorted_nums) | K21: 113 | L21: 7.5590456 | M21: 0.086025933 | N21: 0.91721433 | O21: 9.9226171 | P21: 0.17471695 | S21: 113 | T21: 0.086025933 | U21: 0.21239367 | V21: 3.3003101e-07 | W21: 0.91721433 | X21: 0.917214 | Y21: 0.41920565 | Z21: 0.65598112 | AA21: 0.83461466 | AB21: 9.9226171 | AC21: 4.5376246 | AD21: 0.17471695 | AE21: 0.46812607 | AF21: 1.5764214 | AG21: 2.828125 | AH21: 11 | AI21: 0 | AJ21: 0 | AK21: 0 | AL21: 0.097345133 | AM21: 0 | AN21: 0 | AO21: 0 | AP21: 0 | AQ21: 1 | AR21: 2 | AS21: 0.11609596 | AT21: 0.91407106 | AU21: 0.25277163 | AV21: 2 | AW21: 0 | AX21: 0 | AY21: 0 | AZ21: 0 | BA21: 9 | BB21: 311 | BC21: 325 | BD21: Pass
A22: HumanEval/20 | B22: humaneval | C22: 0 | D22: baseline_deterministic | E22: TRUE | F22: FALSE | G22: {'type': None} | H22: from typing import List, Tuple def find_closest_elements(numbers: List[float]) -> Tuple[float, float]: """ From a supplied list of numbers (of length at least two) select and return two that are the closest to each other and return them in order (smaller number, larger number). >>> find_closest_elements([1.0, 2.0, 3.0, 4.0, 5.0, 2.2]) (2.0, 2.2) >>> find_closest_elements([1.0, 2.0, 3.0, 4.0, 5.0, 2.0]) (2.0, 2.0) """ | I22: ```python from typing import List, Tuple def find_closest_elements(numbers: List[float]) -> Tuple[float, float]: min_diff = float('inf') closest_pair = (0, 0) for i in range(len(numbers)): for j in range(i + 1, len(numbers)): diff = abs(numbers[i] - numbers[j]) if diff < min_diff: min_diff = diff closest_pair = (min(numbers[i], numbers[j]), max(numbers[i], numbers[j])) return closest_pair ``` | J22: from typing import List, Tuple def find_closest_elements(numbers: List[float]) -> Tuple[float, float]: min_diff = float('inf') closest_pair = (0, 0) for i in range(len(numbers)): for j in range(i + 1, len(numbers)): diff = abs(numbers[i] - numbers[j]) if diff < min_diff: min_diff = diff closest_pair = (min(numbers[i], numbers[j]), max(numbers[i], numbers[j])) return closest_pair | K22: 115 | L22: 7.7917848 | M22: 0.07255526 | N22: 1.6375015 | O22: 10.090848 | P22: 0.034090042 | S22: 115 | T22: 0.07255526 | U22: 0.24142157 | V22: 7.5282401e-07 | W22: 1.6375015 | X22: 1.6375007 | Y22: 0.18525973 | Z22: 0.478874 | AA22: 1.2110744 | AB22: 10.090848 | AC22: 4.1073718 | AD22: 0.034090042 | AE22: 0.10477245 | AF22: 2.0698864 | AG22: 3.565625 | AH22: 6 | AI22: 2 | AJ22: 1 | AK22: 0 | AL22: 0.052173913 | AM22: 0.017391304 | AN22: 0.0086956522 | AO22: 1 | AP22: 2 | AQ22: 3 | AR22: 3 | AS22: 0.10556124 | AT22: 1.6342661 | AU22: 0.2841678 | AV22: 3 | AW22: 1 | AX22: 1 | AY22: 0 | AZ22: 1 | BA22: 14 | BB22: 464 | BC22: 478 | BD22: Pass
A23: HumanEval/21 | B23: humaneval | C23: 0 | D23: baseline_deterministic | E23: TRUE | F23: FALSE | G23: {'type': None} | H23: from typing import List def rescale_to_unit(numbers: List[float]) -> List[float]: """ Given list of numbers (of at least two elements), apply a linear transform to that list, such that the smallest number will become 0 and the largest will become 1 >>> rescale_to_unit([1.0, 2.0, 3.0, 4.0, 5.0]) [0.0, 0.25, 0.5, 0.75, 1.0] """ | I23: ```python from typing import List def rescale_to_unit(numbers: List[float]) -> List[float]: min_val = min(numbers) max_val = max(numbers) range_val = max_val - min_val return [(x - min_val) / range_val for x in numbers] ``` | J23: from typing import List def rescale_to_unit(numbers: List[float]) -> List[float]: min_val = min(numbers) max_val = max(numbers) range_val = max_val - min_val return [(x - min_val) / range_val for x in numbers] | K23: 64 | L23: 4.3171888 | M23: 0.054877832 | N23: 0.86563802 | O23: 9.8304006 | P23: 0.59375 | S23: 64 | T23: 0.054877832 | U23: 0.15026429 | V23: 1.4166986e-06 | W23: 0.86563802 | X23: 0.8656366 | Y23: 0.18263842 | Z23: 0.33968135 | AA23: 0.71425777 | AB23: 9.8304006 | AC23: 4.1070188 | AD23: 0.59375 | AE23: 0.74140625 | AF23: 2.1844464 | AG23: 3.821875 | AH23: 2 | AI23: 0 | AJ23: 0 | AK23: 0 | AL23: 0.03125 | AM23: 0 | AN23: 0 | AO23: 0 | AP23: 0 | AQ23: 0 | AR23: 0 | AS23: 0.078247194 | AT23: 0.863307 | AU23: 0.17617476 | AV23: 1 | AW23: 0 | AX23: 0 | AY23: 0 | AZ23: 0 | BA23: 7 | BB23: 226 | BC23: 240 | BD23: Pass
A24: HumanEval/22 | B24: humaneval | C24: 0 | D24: baseline_deterministic | E24: TRUE | F24: FALSE | G24: {'type': None} | H24: from typing import List, Any def filter_integers(values: List[Any]) -> List[int]: """ Filter given list of any python values only for integers >>> filter_integers(['a', 3.14, 5]) [5] >>> filter_integers([1, 2, 3, 'abc', {}, []]) [1, 2, 3] """ | I24: ```python from typing import List, Any def filter_integers(values: List[Any]) -> List[int]: return [value for value in values if isinstance(value, int)] ``` | J24: from typing import List, Any def filter_integers(values: List[Any]) -> List[int]: return [value for value in values if isinstance(value, int)] | K24: 39 | L24: 2.5990736 | M24: 0.079726462 | N24: 1.0133976 | O24: 9.8098964 | P24: 1.015625 | S24: 39 | T24: 0.079726462 | U24: 0.21293487 | V24: 4.2340716e-06 | W24: 1.0133976 | X24: 1.0133933 | Y24: 0.37039073 | Z24: 0.47143123 | AA24: 0.87916374 | AB24: 9.8098964 | AC24: 4.3089547 | AD24: 1.015625 | AE24: 1.2671592 | AF24: 1.9946018 | AG24: 2.174147 | AH24: 2 | AI24: 1 | AJ24: 0 | AK24: 0 | AL24: 0.051282051 | AM24: 0.025641026 | AN24: 0 | AO24: 0 | AP24: 0 | AQ24: 0 | AR24: 0 | AS24: 0.14100312 | AT24: 1.0133016 | AU24: 0.30045944 | AV24: 1 | AW24: 1 | AX24: 0 | AY24: 0 | AZ24: 1 | BA24: 4 | BB24: 147 | BC24: 161 | BD24: Pass
... A27: HumanEval/25 | B27: humaneval | C27: 0 | D27: baseline_deterministic | E27: TRUE | F27: FALSE | G27: {'type': None} | H27: from typing import List def factorize(n: int) -> List[int]: """ Return list of prime factors of given integer in the order from smallest to largest. Each of the factors should be listed number of times corresponding to how many times it appeares in factorization. Input number should be equal to the product of all factors >>> factorize(8) [2, 2, 2] >>> factorize(25) [5, 5] >>> factorize(70) [2, 5, 7] """ | I27: ```python from typing import List def factorize(n: int) -> List[int]: factors = [] # Start with the smallest prime number divisor = 2 while n >= divisor * divisor: if n % divisor == 0: factors.append(divisor) n //= divisor else: divisor += 1 if n > 1: factors.append(n) return factors ``` | J27: from typing import List def factorize(n: int) -> List[int]: factors = [] # Start with the smallest prime number divisor = 2 while n >= divisor * divisor: if n % divisor == 0: factors.append(divisor) n //= divisor else: divisor += 1 if n > 1: factors.append(n) return factors | K27: 93 | L27: 6.2524025 | M27: 0.091157489 | N27: 0.95336765 | O27: 9.6115901 | P27: 0.34375 | S27: 93 | T27: 0.091157489 | U27: 0.21394158 | V27: 3.1760803e-07 | W27: 0.95336765 | X27: 0.95336733 | Y27: 0.39071323 | Z27: 0.62051871 | AA27: 0.880479 | AB27: 9.6115901 | AC27: 4.6142504 | AD27: 0.34375 | AE27: 0.40647743 | AF27: 1.3647724 | AG27: 2.1110794 | AH27: 6 | AI27: 0 | AJ27: 0 | AK27: 0 | AL27: 0.064516129 | AM27: 0 | AN27: 0 | AO27: 0 | AP27: 0 | AQ27: 0 | AR27: 2 | AS27: 0.12800035 | AT27: 0.95320905 | AU27: 0.26405606 | AV27: 2 | AW27: 0 | AX27: 0 | AY27: 0 | AZ27: 0 | BA27: 15 | BB27: 359 | BC27: 373 | BD27: Pass
A28: HumanEval/26 | B28: humaneval | C28: 0 | D28: baseline_deterministic | E28: FALSE | F28: TRUE | G28: {'type': 'RuntimeError', 'message': 'AssertionError', 'stderr_tail': 'Traceback (most recent call last):\n File "/tmp/tmp19cy781x/candidate_eval.py", line 38, in <module>\n check(remove_duplicates)\n File "/tmp/tmp19cy781x/candidate_eval.py", line 35, in check\n assert candidate([1, 2, 3, 2, 4, 3, 5]) == [1, 4, 5]\n ^^^^^^^^^^^^^^^^^^^^^^^^^^^^^^^^^^^^^^^^^^^^^\nAssertionError\n', 'stdout_tail': ''} | H28: from typing import List def remove_duplicates(numbers: List[int]) -> List[int]: """ From a list of integers, remove all elements that occur more than once. Keep order of elements left the same as in the input. >>> remove_duplicates([1, 2, 3, 2, 4]) [1, 3, 4] """ | I28: ```python from typing import List def remove_duplicates(numbers: List[int]) -> List[int]: seen = set() result = [] for number in numbers: if number not in seen: seen.add(number) result.append(number) return result ``` | J28: from typing import List def remove_duplicates(numbers: List[int]) -> List[int]: seen = set() result = [] for number in numbers: if number not in seen: seen.add(number) result.append(number) return result | K28: 58 | L28: 3.849392 | M28: 0.095749479 | N28: 0.85007972 | O28: 9.0041393 | P28: 0.0625 | Q28: RuntimeError | R28: AssertionError | S28: 58 | T28: 0.095749479 | U28: 0.21142318 | V28: 1.1030898e-05 | W28: 0.85007972 | X28: 0.85006868 | Y28: 0.44484966 | Z28: 0.66729122 | AA28: 0.74949284 | AB28: 9.0041393 | AC28: 4.5478772 | AD28: 0.0625 | AE28: 0.28515625 | AF28: 0.86235819 | AG28: 1.9255693 | AH28: 6 | AI28: 0 | AJ28: 0 | AK28: 0 | AL28: 0.10344828 | AM28: 0 | AN28: 0 | AO28: 0 | AP28: 1 | AQ28: 1 | AR28: 2 | AS28: 0.14272344 | AT28: 0.84739412 | AU28: 0.27482785 | AV28: 2 | AW28: 0 | AX28: 0 | AY28: 0 | AZ28: 0 | BA28: 10 | BB28: 252 | BC28: 266 | BD28: Other_fail
A29: HumanEval/27 | B29: humaneval | C29: 0 | D29: baseline_deterministic | E29: TRUE | F29: FALSE | G29: {'type': None} | H29: def flip_case(string: str) -> str: """ For a given string, flip lowercase characters to uppercase and uppercase to lowercase. >>> flip_case('Hello') 'hELLO' """ | I29: ```python def flip_case(s: str) -> str: return ''.join(c.lower() if c.isupper() else c.upper() for c in s) ``` | J29: def flip_case(s: str) -> str: return ''.join(c.lower() if c.isupper() else c.upper() for c in s) | K29: 36 | L29: 2.3751137 | M29: 0.12269943 | N29: 0.85456485 | O29: 9.1444329 | P29: 0.28125 | S29: 36 | T29: 0.12269943 | U29: 0.26102633 | V29: 1.4218094e-06 | W29: 0.85456485 | X29: 0.85456342 | Y29: 0.64363411 | Z29: 0.72063161 | AA29: 0.80961134 | AB29: 9.1444329 | AC29: 4.8606752 | AD29: 0.28125 | AE29: 0.28373604 | AF29: 0.67613745 | AG29: 1.1044025 | AH29: 6 | AI29: 0 | AJ29: 0 | AK29: 0 | AL29: 0.16666667 | AM29: 0 | AN29: 0 | AO29: 0 | AP29: 0 | AQ29: 0 | AR29: 2 | AS29: 0.17747339 | AT29: 0.85096429 | AU29: 0.33725469 | AV29: 2 | AW29: 0 | AX29: 0 | AY29: 0 | AZ29: 0 | BA29: 2 | BB29: 100 | BC29: 114 | BD29: Pass
A30: HumanEval/28 | B30: humaneval | C30: 0 | D30: baseline_deterministic | E30: TRUE | F30: FALSE | G30: {'type': None} | H30: from typing import List def concatenate(strings: List[str]) -> str: """ Concatenate list of strings into a single string >>> concatenate([]) '' >>> concatenate(['a', 'b', 'c']) 'abc' """ | I30: ```python from typing import List def concatenate(strings: List[str]) -> str: return ''.join(strings) ``` | J30: from typing import List def concatenate(strings: List[str]) -> str: return ''.join(strings) | K30: 26 | L30: 1.7258971 | M30: 0.11078547 | N30: 0.67998892 | O30: 8.3762842 | P30: 0.51704407 | S30: 26 | T30: 0.11078547 | U30: 0.22453606 | V30: 2.1573545e-05 | W30: 0.67998892 | X30: 0.67996735 | Y30: 0.49647652 | Z30: 0.64747609 | AA30: 0.67767958 | AB30: 8.3762842 | AC30: 4.2347439 | AD30: 0.51704407 | AE30: 0.65766907 | AF30: 1.2198143 | AG30: 1.8629265 | AH30: 3 | AI30: 0 | AJ30: 0 | AK30: 0 | AL30: 0.11538462 | AM30: 0 | AN30: 0 | AO30: 0 | AP30: 0 | AQ30: 0 | AR30: 0 | AS30: 0.162529 | AT30: 0.67747988 | AU30: 0.2877524 | AV30: 1 | AW30: 0 | AX30: 0 | AY30: 0 | AZ30: 0 | BA30: 4 | BB30: 96 | BC30: 110 | BD30: Pass
A31: HumanEval/29 | B31: humaneval | C31: 0 | D31: baseline_deterministic | E31: TRUE | F31: FALSE | G31: {'type': None} | H31: from typing import List def filter_by_prefix(strings: List[str], prefix: str) -> List[str]: """ Filter an input list of strings only for ones that start with a given prefix. >>> filter_by_prefix([], 'a') [] >>> filter_by_prefix(['abc', 'bcd', 'cde', 'array'], 'a') ['abc', 'array'] """ | I31: ```python from typing import List def filter_by_prefix(strings: List[str], prefix: str) -> List[str]: return [s for s in strings if s.startswith(prefix)] ``` | J31: from typing import List def filter_by_prefix(strings: List[str], prefix: str) -> List[str]: return [s for s in strings if s.startswith(prefix)] | K31: 40 | L31: 2.6662786 | M31: 0.063788903 | N31: 0.57557309 | O31: 9.7725857 | P31: 1.3096581 | S31: 40 | T31: 0.063788903 | U31: 0.16276266 | V31: 3.8453531e-06 | W31: 0.57557309 | X31: 0.57556924 | Y31: 0.34097829 | Z31: 0.49550651 | AA31: 0.55665655 | AB31: 9.7725857 | AC31: 3.9480326 | AD31: 1.3096581 | AE31: 1.5146303 | AF31: 2.0511364 | AG31: 2.3180397 | AH31: 2 | AI31: 0 | AJ31: 0 | AK31: 0 | AL31: 0.05 | AM31: 0 | AN31: 0 | AO31: 0 | AP31: 0 | AQ31: 0 | AR31: 0 | AS31: 0.085455864 | AT31: 0.57295293 | AU31: 0.19379254 | AV31: 1 | AW31: 0 | AX31: 0 | AY31: 0 | AZ31: 0 | BA31: 4 | BB31: 148 | BC31: 162 | BD31: Pass
A32: HumanEval/30 | B32: humaneval | C32: 0 | D32: baseline_deterministic | E32: TRUE | F32: FALSE | G32: {'type': None} | H32: def get_positive(l: list): """Return only positive numbers in the list. >>> get_positive([-1, 2, -4, 5, 6]) [2, 5, 6] >>> get_positive([5, 3, -5, 2, -3, 3, 9, 0, 123, 1, -10]) [5, 3, 2, 3, 9, 123, 1] """ | I32: ```python def get_positive(l: list): return [x for x in l if x > 0] ``` | J32: def get_positive(l: list): return [x for x in l if x > 0] | K32: 26 | L32: 1.7924185 | M32: 0.08807022 | N32: 0.75417536 | O32: 9.1380032 | P32: 1.311079 | S32: 26 | T32: 0.08807022 | U32: 0.1936535 | V32: 3.0990977e-06 | W32: 0.75417536 | X32: 0.75417227 | Y32: 0.3970806 | Z32: 0.46841846 | AA32: 0.68825643 | AB32: 9.1380032 | AC32: 4.8803221 | AD32: 1.311079 | AE32: 1.3554688 | AF32: 1.6519899 | AG32: 2.211648 | AH32: 1 | AI32: 0 | AJ32: 0 | AK32: 0 | AL32: 0.038461538 | AM32: 0 | AN32: 0 | AO32: 0 | AP32: 0 | AQ32: 0 | AR32: 0 | AS32: 0.14586481 | AT32: 0.75150501 | AU32: 0.25733167 | AV32: 1 | AW32: 0 | AX32: 0 | AY32: 0 | AZ32: 0 | BA32: 2 | BB32: 61 | BC32: 75 | BD32: Pass
A33: HumanEval/31 | B33: humaneval | C33: 0 | D33: baseline_deterministic | E33: TRUE | F33: FALSE | G33: {'type': None} | H33: def is_prime(n): """Return true if a given number is prime, and false otherwise. >>> is_prime(6) False >>> is_prime(101) True >>> is_prime(11) True >>> is_prime(13441) True >>> is_prime(61) True >>> is_prime(4) False >>> is_prime(1) False """ | I33: ```python def is_prime(n): if n <= 1: return False if n == 2: return True if n % 2 == 0: return False for i in range(3, int(n**0.5) + 1, 2): if n % i == 0: return False return True ``` | J33: def is_prime(n): if n <= 1: return False if n == 2: return True if n % 2 == 0: return False for i in range(3, int(n**0.5) + 1, 2): if n % i == 0: return False return True | K33: 85 | L33: 5.6882757 | M33: 0.048263938 | N33: 0.81192708 | O33: 10.666695 | P33: 0.008523941 | S33: 85 | T33: 0.048263938 | U33: 0.16232513 | V33: 2.1395573e-07 | W33: 0.81192708 | X33: 0.81192687 | Y33: 0.077408677 | Z33: 0.42387022 | AA33: 0.78855043 | AB33: 10.666695 | AC33: 4.1299988 | AD33: 0.008523941 | AE33: 0.080113831 | AF33: 2.5002838 | AG33: 4.2125 | AH33: 4 | AI33: 0 | AJ33: 0 | AK33: 0 | AL33: 0.047058824 | AM33: 0 | AN33: 0 | AO33: 1 | AP33: 2 | AQ33: 2 | AR33: 3 | AS33: 0.08807925 | AT33: 0.81101982 | AU33: 0.22959848 | AV33: 1 | AW33: 0 | AX33: 0 | AY33: 0 | AZ33: 0 | BA33: 11 | BB33: 234 | BC33: 248 | BD33: Pass
A34: HumanEval/32 | B34: humaneval | C34: 0 | D34: baseline_deterministic | E34: FALSE | F34: TRUE | G34: {'type': 'RuntimeError', 'message': "NameError: name 'poly' is not defined", 'stderr_tail': 'Traceback (most recent call last):\n File "/tmp/tmpxsor970t/candidate_eval.py", line 64, in <module>\n check(find_zero)\n File "/tmp/tmpxsor970t/candidate_eval.py", line 59, in check\n solution = candidate(copy.deepcopy(coeffs))\n ^^^^^^^^^^^^^^^^^^^^^^^^^^^^^^^^\n File "/tmp/tmpxsor970t/candidate_eval.py", line 35, in find_zero\n fx = f(x)\n ^^^^\n File "/tmp/tmpxsor970t/candidate_eval.py", line 28, in f\n return poly(xs, x)\n ^^^^\nNameError: name \'poly\' is not defined\n', 'stdout_tail': ''} | H34: import math def poly(xs: list, x: float): """ Evaluates polynomial with coefficients xs at point x. return xs[0] + xs[1] * x + xs[1] * x^2 + .... xs[n] * x^n """ return sum([coeff * math.pow(x, i) for i, coeff in enumerate(xs)]) def find_zero(xs: list): """ xs are coefficients of a polynomial. find_zero find x such that poly(x) = 0. find_zero returns only only zero point, even if there are many. Moreover, find_zero only takes list xs having even number of coefficients and largest non zero coefficient as it guarantees a solution. >>> round(find_zero([1, 2]), 2) # f(x) = 1 + 2x -0.5 >>> round(find_zero([-6, 11, -6, 1]), 2) # (x - 1) * (x - 2) * (x - 3) = -6 + 11x - 6x^2 + x^3 1.0 """ | I34: ```python import math def poly(xs: list, x: float): """ Evaluates polynomial with coefficients xs at point x. return xs[0] + xs[1] * x + xs[1] * x^2 + .... xs[n] * x^n """ return sum([coeff * math.pow(x, i) for i, coeff in enumerate(xs)]) def find_zero(xs: list): """ xs are coefficients of a polynomial. find_zero find x such that poly(x) = 0. find_zero returns only one zero point, even if there are many. Moreover, find_zero only takes list xs having even number of coefficients and largest non zero coefficient as it guarantees a solution. >>> round(find_zero([1, 2]), 2) # f(x) = 1 + 2x -0.5 >>> round(find_zero([-6, 11, -6, 1]), 2) # (x - 1) * (x - 2) * (x - 3) = -6 + 11x - 6x^2 + x^3 1.0 """ def f(x): return poly(xs, x) def df(x): return sum([i * coeff * math.pow(x, i-1) for i, coeff in enumerate(xs) if i > 0]) x = 0.0 while True: fx = f(x) dfx = df(x) if abs(fx) < 1e-9: return round(x, 2) x -= fx / dfx ``` | J34: import math def find_zero(xs: list): """ xs are coefficients of a polynomial. find_zero find x such that poly(x) = 0. find_zero returns only one zero point, even if there are many. Moreover, find_zero only takes list xs having even number of coefficients and largest non zero coefficient as it guarantees a solution. >>> round(find_zero([1, 2]), 2) # f(x) = 1 + 2x -0.5 >>> round(find_zero([-6, 11, -6, 1]), 2) # (x - 1) * (x - 2) * (x - 3) = -6 + 11x - 6x^2 + x^3 1.0 """ def f(x): return poly(xs, x) def df(x): return sum([i * coeff * math.pow(x, i-1) for i, coeff in enumerate(xs) if i > 0]) x = 0.0 while True: fx = f(x) dfx = df(x) if abs(fx) < 1e-9: return round(x, 2) x -= fx / dfx | K34: 362 | L34: 25.283828 | M34: 0.083161052 | N34: 2.336978 | O34: 9.4989352 | P34: 0.071022034 | Q34: RuntimeError | R34: NameError: name 'poly' is not defined | S34: 362 | T34: 0.083161052 | U34: 0.26180888 | V34: 7.0414371e-06 | W34: 2.336978 | X34: 2.3369709 | Y34: 0.23088876 | Z34: 0.5616143 | AA34: 1.168433 | AB34: 9.4989352 | AC34: 3.7698352 | AD34: 0.071022034 | AE34: 0.27190445 | AF34: 1.7596591 | AG34: 2.962359 | AH34: 20 | AI34: 6 | AJ34: 3 | AK34: 2 | AL34: 0.055248619 | AM34: 0.016574586 | AN34: 0.0082872928 | AO34: 0 | AP34: 2 | AQ34: 3 | AR34: 6 | AS34: 0.1175689 | AT34: 2.1143666 | AU34: 0.30556336 | AV34: 2 | AW34: 2 | AX34: 2 | AY34: 0 | AZ34: 2 | BA34: 27 | BB34: 819 | BC34: 1071 | BD34: Other_fail
A35: HumanEval/33 | B35: humaneval | C35: 0 | D35: baseline_deterministic | E35: TRUE | F35: FALSE | G35: {'type': None} | H35: def sort_third(l: list): """This function takes a list l and returns a list l' such that l' is identical to l in the indicies that are not divisible by three, while its values at the indicies that are divisible by three are equal to the values of the corresponding indicies of l, but sorted. >>> sort_third([1, 2, 3]) [1, 2, 3] >>> sort_third([5, 6, 3, 4, 8, 9, 2]) [2, 6, 3, 4, 8, 9, 5] """ | I35: ```python def sort_third(l: list): indices_divisible_by_three = [i for i in range(len(l)) if i % 3 == 0] values_at_divisible_indices = [l[i] for i in indices_divisible_by_three] sorted_values = sorted(values_at_divisible_indices) result = l[:] for original_index, new_value in zip(indices_divisible_by_three, sorted_values): result[original_index] = new_value return result ``` | J35: def sort_third(l: list): indices_divisible_by_three = [i for i in range(len(l)) if i % 3 == 0] values_at_divisible_indices = [l[i] for i in indices_divisible_by_three] sorted_values = sorted(values_at_divisible_indices) result = l[:] for original_index, new_value in zip(indices_divisible_by_three, sorted_values): result[original_index] = new_value return result | K35: 106 | L35: 7.1675835 | M35: 0.12921516 | N35: 1.4562602 | O35: 8.5394581 | P35: 0.11363602 | S35: 106 | T35: 0.12921516 | U35: 0.28515995 | V35: 6.4578398e-06 | W35: 1.4562602 | X35: 1.4562537 | Y35: 0.5048719 | Z35: 0.76363908 | AA35: 1.4099303 | AB35: 8.5394581 | AC35: 4.4129994 | AD35: 0.11363602 | AE35: 0.45994186 | AF35: 1.1977983 | AG35: 1.903409 | AH35: 12 | AI35: 3 | AJ35: 0 | AK35: 0 | AL35: 0.11320755 | AM35: 0.028301887 | AN35: 0 | AO35: 0 | AP35: 0 | AQ35: 1 | AR35: 2 | AS35: 0.18460367 | AT35: 1.4541378 | AU35: 0.35238871 | AV35: 2 | AW35: 1 | AX35: 0 | AY35: 0 | AZ35: 1 | BA35: 10 | BB35: 405 | BC35: 419 | BD35: Pass
A36: HumanEval/34 | B36: humaneval | C36: 0 | D36: baseline_deterministic | E36: TRUE | F36: FALSE | G36: {'type': None} | H36: def unique(l: list): """Return sorted unique elements in a list >>> unique([5, 3, 5, 2, 3, 3, 9, 0, 123]) [0, 2, 3, 5, 9, 123] """ | I36: ```python def unique(l: list): return sorted(set(l)) ``` | J36: def unique(l: list): return sorted(set(l)) | K36: 17 | L36: 1.144213 | M36: 0.15227317 | N36: 1.1309569 | O36: 6.5330469 | P36: 0.96875 | S36: 17 | T36: 0.15227317 | U36: 0.31421392 | V36: 0.00052845303 | W36: 1.1309569 | X36: 1.1304284 | Y36: 0.46468173 | Z36: 0.83162274 | AA36: 1.0710901 | AB36: 6.5330469 | AC36: 3.3531414 | AD36: 0.96875 | AE36: 1.1267047 | AF36: 1.7585236 | AG36: 2.3156261 | AH36: 2 | AI36: 1 | AJ36: 0 | AK36: 0 | AL36: 0.11764706 | AM36: 0.058823529 | AN36: 0 | AO36: 0 | AP36: 0 | AQ36: 0 | AR36: 0 | AS36: 0.23981391 | AT36: 1.128298 | AU36: 0.39920977 | AV36: 1 | AW36: 1 | AX36: 0 | AY36: 0 | AZ36: 1 | BA36: 2 | BB36: 46 | BC36: 60 | BD36: Pass
A37: HumanEval/35 | B37: humaneval | C37: 0 | D37: baseline_deterministic | E37: TRUE | F37: FALSE | G37: {'type': None} | H37: def max_element(l: list): """Return maximum element in the list. >>> max_element([1, 2, 3]) 3 >>> max_element([5, 3, -5, 2, -3, 3, 9, 0, 123, 1, -10]) 123 """ | I37: ```python def max_element(l: list): return max(l) ``` | J37: def max_element(l: list): return max(l) | K37: 17 | L37: 1.1417257 | M37: 0.11726695 | N37: 0.72614503 | O37: 6.8645141 | P37: 1.110796 | S37: 17 | T37: 0.11726695 | U37: 0.23507182 | V37: 0.00036014165 | W37: 0.72614503 | X37: 0.72578489 | Y37: 0.41467616 | Z37: 0.70914159 | AA37: 0.72274434 | AB37: 6.8645141 | AC37: 3.2513252 | AD37: 1.110796 | AE37: 1.1957957 | AF37: 1.5357944 | AG37: 2.3656254 | AH37: 2 | AI37: 0 | AJ37: 0 | AK37: 0 | AL37: 0.11764706 | AM37: 0 | AN37: 0 | AO37: 0 | AP37: 0 | AQ37: 0 | AR37: 0 | AS37: 0.19417843 | AT37: 0.72578489 | AU37: 0.32424166 | AV37: 1 | AW37: 0 | AX37: 0 | AY37: 0 | AZ37: 0 | BA37: 2 | BB37: 43 | BC37: 57 | BD37: Pass
A38: HumanEval/36 | B38: humaneval | C38: 0 | D38: baseline_deterministic | E38: TRUE | F38: FALSE | G38: {'type': None} | H38: def fizz_buzz(n: int): """Return the number of times the digit 7 appears in integers less than n which are divisible by 11 or 13. >>> fizz_buzz(50) 0 >>> fizz_buzz(78) 2 >>> fizz_buzz(79) 3 """ | I38: ```python def fizz_buzz(n: int) -> int: count = 0 for i in range(1, n): if i % 11 == 0 or i % 13 == 0: count += str(i).count('7') return count ``` | J38: def fizz_buzz(n: int) -> int: count = 0 for i in range(1, n): if i % 11 == 0 or i % 13 == 0: count += str(i).count('7') return count | K38: 66 | L38: 4.3635583 | M38: 0.038003535 | N38: 0.68949258 | O38: 10.730361 | P38: 0.26988602 | S38: 66 | T38: 0.038003535 | U38: 0.12724004 | V38: 3.3547344e-06 | W38: 0.68949258 | X38: 0.68948923 | Y38: 0.082691967 | Z38: 0.18935733 | AA38: 0.68814832 | AB38: 10.730361 | AC38: 4.0119729 | AD38: 0.26988602 | AE38: 0.32805386 | AF38: 3.0433254 | AG38: 4.580965 | AH38: 2 | AI38: 0 | AJ38: 0 | AK38: 0 | AL38: 0.03030303 | AM38: 0 | AN38: 0 | AO38: 0 | AP38: 0 | AQ38: 0 | AR38: 2 | AS38: 0.070345899 | AT38: 0.68870476 | AU38: 0.18279678 | AV38: 1 | AW38: 0 | AX38: 0 | AY38: 0 | AZ38: 0 | BA38: 6 | BB38: 164 | BC38: 178 | BD38: Pass
A39: HumanEval/37 | B39: humaneval | C39: 0 | D39: baseline_deterministic | E39: TRUE | F39: FALSE | G39: {'type': None} | H39: def sort_even(l: list): """This function takes a list l and returns a list l' such that l' is identical to l in the odd indicies, while its values at the even indicies are equal to the values of the even indicies of l, but sorted. >>> sort_even([1, 2, 3]) [1, 2, 3] >>> sort_even([5, 6, 3, 4]) [3, 6, 5, 4] """ | I39: ```python def sort_even(l: list): even_indices = [i for i in range(len(l)) if i % 2 == 0] even_values = sorted([l[i] for i in even_indices]) result = l[:] for i, value in zip(even_indices, even_values): result[i] = value return result ``` | J39: def sort_even(l: list): even_indices = [i for i in range(len(l)) if i % 2 == 0] even_values = sorted([l[i] for i in even_indices]) result = l[:] for i, value in zip(even_indices, even_values): result[i] = value return result | K39: 79 | L39: 5.3119225 | M39: 0.16161123 | N39: 1.6868722 | O39: 8.68964 | P39: 0.27556801 | S39: 79 | T39: 0.16161123 | U39: 0.32390775 | V39: 2.8860941e-06 | W39: 1.6868722 | X39: 1.6868694 | Y39: 0.62350346 | Z39: 0.70489838 | AA39: 1.4312887 | AB39: 8.68964 | AC39: 4.8471416 | AD39: 0.27556801 | AE39: 0.41406246 | AF39: 1.0897724 | AG39: 1.5340912 | AH39: 13 | AI39: 2 | AJ39: 1 | AK39: 0 | AL39: 0.16455696 | AM39: 0.025316456 | AN39: 0.012658228 | AO39: 0 | AP39: 0 | AQ39: 0 | AR39: 2 | AS39: 0.23206365 | AT39: 1.6718307 | AU39: 0.4302976 | AV39: 4 | AW39: 1 | AX39: 1 | AY39: 0 | AZ39: 1 | BA39: 7 | BB39: 252 | BC39: 266 | BD39: Pass
A40: HumanEval/38 | B40: humaneval | C40: 0 | D40: baseline_deterministic | E40: FALSE | F40: TRUE | G40: {'type': 'RuntimeError', 'message': "NameError: name 'encode_cyclic' is not defined. Did you mean: 'decode_cyclic'?", 'stderr_tail': 'Traceback (most recent call last):\n File "/tmp/tmpa6xgx860/candidate_eval.py", line 40, in <module>\n check(decode_cyclic)\n File "/tmp/tmpa6xgx860/candidate_eval.py", line 35, in check\n encoded_str = encode_cyclic(str)\n ^^^^^^^^^^^^^\nNameError: name \'encode_cyclic\' is not defined. Did you mean: \'decode_cyclic\'?\n', 'stdout_tail': ''} | H40: def encode_cyclic(s: str): """ returns encoded string by cycling groups of three characters. """ # split string to groups. Each of length 3. groups = [s[(3 * i):min((3 * i + 3), len(s))] for i in range((len(s) + 2) // 3)] # cycle elements in each group. Unless group has fewer elements than 3. groups = [(group[1:] + group[0]) if len(group) == 3 else group for group in groups] return "".join(groups) def decode_cyclic(s: str): """ takes as input string encoded with encode_cyclic function. Returns decoded string. """ | I40: ```python def decode_cyclic(s: str): """ takes as input string encoded with encode_cyclic function. Returns decoded string. """ # split string to groups. Each of length 3. groups = [s[(3 * i):min((3 * i + 3), len(s))] for i in range((len(s) + 2) // 3)] # reverse cycle elements in each group. Unless group has fewer elements than 3. groups = [(group[-1] + group[:-1]) if len(group) == 3 else group for group in groups] return "".join(groups) ``` | J40: def decode_cyclic(s: str): """ takes as input string encoded with encode_cyclic function. Returns decoded string. """ # split string to groups. Each of length 3. groups = [s[(3 * i):min((3 * i + 3), len(s))] for i in range((len(s) + 2) // 3)] # reverse cycle elements in each group. Unless group has fewer elements than 3. groups = [(group[-1] + group[:-1]) if len(group) == 3 else group for group in groups] return "".join(groups) | K40: 135 | L40: 9.1229358 | M40: 0.052300695 | N40: 1.0395879 | O40: 9.5035832 | P40: 0.015625 | Q40: RuntimeError | R40: NameError: name 'encode_cyclic' is not defined. Did you mean: 'decode_cyclic'? | S40: 135 | T40: 0.052300695 | U40: 0.19008215 | V40: 1.8616622e-05 | W40: 1.0395879 | X40: 1.0395692 | Y40: 0.057484549 | Z40: 0.27853552 | AA40: 1.0058002 | AB40: 9.5035832 | AC40: 3.0788876 | AD40: 0.015625 | AE40: 0.50880733 | AF40: 3.414773 | AG40: 4.9394894 | AH40: 6 | AI40: 3 | AJ40: 0 | AK40: 0 | AL40: 0.044444444 | AM40: 0.022222222 | AN40: 0 | AO40: 1 | AP40: 1 | AQ40: 1 | AR40: 2 | AS40: 0.064015103 | AT40: 1.0393022 | AU40: 0.20224258 | AV40: 2 | AW40: 2 | AX40: 0 | AY40: 0 | AZ40: 2 | BA40: 9 | BB40: 463 | BC40: 477 | BD40: Other_fail
A41: HumanEval/39 | B41: humaneval | C41: 0 | D41: baseline_deterministic | E41: TRUE | F41: FALSE | G41: {'type': None} | H41: def prime_fib(n: int): """ prime_fib returns n-th number that is a Fibonacci number and it's also prime. >>> prime_fib(1) 2 >>> prime_fib(2) 3 >>> prime_fib(3) 5 >>> prime_fib(4) 13 >>> prime_fib(5) 89 """ | I41: ```python from sympy import isprime def prime_fib(n: int) -> int: def fib_generator(): a, b = 0, 1 while True: yield b a, b = b, a + b count = 0 for fib_num in fib_generator(): if fib_num > 1 and isprime(fib_num): count += 1 if count == n: return fib_num ``` | J41: from sympy import isprime def prime_fib(n: int) -> int: def fib_generator(): a, b = 0, 1 while True: yield b a, b = b, a + b count = 0 for fib_num in fib_generator(): if fib_num > 1 and isprime(fib_num): count += 1 if count == n: return fib_num | K41: 103 | L41: 6.8714501 | M41: 0.11235448 | N41: 1.1476653 | O41: 9.1316959 | P41: 0.31676292 | S41: 103 | T41: 0.11235448 | U41: 0.25146112 | V41: 5.2558494e-07 | W41: 1.1476653 | X41: 1.1476647 | Y41: 0.43796773 | Z41: 0.75084519 | AA41: 0.96195909 | AB41: 9.1316959 | AC41: 4.518613 | AD41: 0.31676292 | AE41: 0.4239489 | AF41: 1.5484375 | AG41: 1.9943184 | AH41: 10 | AI41: 1 | AJ41: 0 | AK41: 0 | AL41: 0.097087379 | AM41: 0.0097087379 | AN41: 0 | AO41: 0 | AP41: 0 | AQ41: 0 | AR41: 2 | AS41: 0.17628711 | AT41: 1.0394566 | AU41: 0.33477349 | AV41: 2 | AW41: 1 | AX41: 0 | AY41: 0 | AZ41: 1 | BA41: 15 | BB41: 346 | BC41: 360 | BD41: Pass
A42: HumanEval/40 | B42: humaneval | C42: 0 | D42: baseline_deterministic | E42: TRUE | F42: FALSE | G42: {'type': None} | H42: def triples_sum_to_zero(l: list): """ triples_sum_to_zero takes a list of integers as an input. it returns True if there are three distinct elements in the list that sum to zero, and False otherwise. >>> triples_sum_to_zero([1, 3, 5, 0]) False >>> triples_sum_to_zero([1, 3, -2, 1]) True >>> triples_sum_to_zero([1, 2, 3, 7]) False >>> triples_sum_to_zero([2, 4, -5, 3, 9, 7]) True >>> triples_sum_to_zero([1]) False """ | I42: ```python def triples_sum_to_zero(l: list) -> bool: n = len(l) for i in range(n-2): seen = set() target = -l[i] for j in range(i+1, n): if target - l[j] in seen: return True seen.add(l[j]) return False ``` | J42: def triples_sum_to_zero(l: list) -> bool: n = len(l) for i in range(n-2): seen = set() target = -l[i] for j in range(i+1, n): if target - l[j] in seen: return True seen.add(l[j]) return False | K42: 79 | L42: 5.3539769 | M42: 0.093652111 | N42: 1.085768 | O42: 9.4702787 | P42: 0.11789703 | S42: 79 | T42: 0.093652111 | U42: 0.24051218 | V42: 5.0450317e-06 | W42: 1.085768 | X42: 1.0857629 | Y42: 0.42257131 | Z42: 0.77024271 | AA42: 0.91573771 | AB42: 9.4702787 | AC42: 4.310528 | AD42: 0.11789703 | AE42: 0.26525539 | AF42: 1.0549723 | AG42: 2.609375 | AH42: 8 | AI42: 1 | AJ42: 0 | AK42: 0 | AL42: 0.10126582 | AM42: 0.012658228 | AN42: 0 | AO42: 0 | AP42: 0 | AQ42: 1 | AR42: 3 | AS42: 0.15072781 | AT42: 1.0857585 | AU42: 0.32700478 | AV42: 2 | AW42: 1 | AX42: 0 | AY42: 0 | AZ42: 1 | BA42: 10 | BB42: 267 | BC42: 281 | BD42: Pass
A43: HumanEval/41 | B43: humaneval | C43: 0 | D43: baseline_deterministic | E43: TRUE | F43: FALSE | G43: {'type': None} | H43: def car_race_collision(n: int): """ Imagine a road that's a perfectly straight infinitely long line. n cars are driving left to right; simultaneously, a different set of n cars are driving right to left. The two sets of cars start out being very far from each other. All cars move in the same speed. Two cars are said to collide when a car that's moving left to right hits a car that's moving right to left. However, the cars are infinitely sturdy and strong; as a result, they continue moving in their trajectory as if they did not collide. This function outputs the number of such collisions. """ | I43: ```python def car_race_collision(n: int) -> int: return n * n ``` | J43: def car_race_collision(n: int) -> int: return n * n | K43: 22 | L43: 1.5562393 | M43: 0.10724742 | N43: 0.85382551 | O43: 8.0548815 | P43: 1.109375 | S43: 22 | T43: 0.10724742 | U43: 0.24895025 | V43: 0.00010179953 | W43: 0.85382551 | X43: 0.85372371 | Y43: 0.23565012 | Z43: 0.81541826 | AA43: 0.85208824 | AB43: 8.0548815 | AC43: 3.6997365 | AD43: 1.109375 | AE43: 1.1946875 | AF43: 1.6067472 | AG43: 3.3424715 | AH43: 2 | AI43: 0 | AJ43: 0 | AK43: 0 | AL43: 0.090909091 | AM43: 0 | AN43: 0 | AO43: 0 | AP43: 0 | AQ43: 0 | AR43: 0 | AS43: 0.17871666 | AT43: 0.85073239 | AU43: 0.33275156 | AV43: 1 | AW43: 0 | AX43: 0 | AY43: 0 | AZ43: 0 | BA43: 2 | BB43: 55 | BC43: 69 | BD43: Pass
A44: HumanEval/42 | B44: humaneval | C44: 0 | D44: baseline_deterministic | E44: TRUE | F44: FALSE | G44: {'type': None} | H44: def incr_list(l: list): """Return list with elements incremented by 1. >>> incr_list([1, 2, 3]) [2, 3, 4] >>> incr_list([5, 3, 5, 2, 3, 3, 9, 0, 123]) [6, 4, 6, 3, 4, 4, 10, 1, 124] """ | I44: ```python def incr_list(l: list): return [x + 1 for x in l] ``` | J44: def incr_list(l: list): return [x + 1 for x in l] | K44: 24 | L44: 1.659149 | M44: 0.091946652 | N44: 0.85857713 | O44: 8.7836474 | P44: 0.86505699 | S44: 24 | T44: 0.091946652 | U44: 0.22319104 | V44: 1.1137329e-06 | W44: 0.85857713 | X44: 0.85857602 | Y44: 0.31063196 | Z44: 0.61861957 | AA44: 0.81185305 | AB44: 8.7836474 | AC44: 4.7535009 | AD44: 0.86505699 | AE44: 1.0362501 | AF44: 1.6460227 | AG44: 2.6015621 | AH44: 2 | AI44: 0 | AJ44: 0 | AK44: 0 | AL44: 0.083333333 | AM44: 0 | AN44: 0 | AO44: 0 | AP44: 0 | AQ44: 0 | AR44: 0 | AS44: 0.14457606 | AT44: 0.85513173 | AU44: 0.28638892 | AV44: 1 | AW44: 0 | AX44: 0 | AY44: 0 | AZ44: 0 | BA44: 2 | BB44: 53 | BC44: 67 | BD44: Pass
A45: HumanEval/43 | B45: humaneval | C45: 0 | D45: baseline_deterministic | E45: TRUE | F45: FALSE | G45: {'type': None} | H45: def pairs_sum_to_zero(l): """ pairs_sum_to_zero takes a list of integers as an input. it returns True if there are two distinct elements in the list that sum to zero, and False otherwise. >>> pairs_sum_to_zero([1, 3, 5, 0]) False >>> pairs_sum_to_zero([1, 3, -2, 1]) False >>> pairs_sum_to_zero([1, 2, 3, 7]) False >>> pairs_sum_to_zero([2, 4, -5, 3, 5, 7]) True >>> pairs_sum_to_zero([1]) False """ | I45: ```python def pairs_sum_to_zero(l): seen = set() for num in l: if -num in seen: return True seen.add(num) return False ``` | J45: def pairs_sum_to_zero(l): seen = set() for num in l: if -num in seen: return True seen.add(num) return False | K45: 43 | L45: 2.9588926 | M45: 0.036647568 | N45: 0.54592407 | O45: 10.178433 | P45: 1.654829 | S45: 43 | T45: 0.036647568 | U45: 0.10684829 | V45: 5.7984957e-06 | W45: 0.54592407 | X45: 0.54591827 | Y45: 0.088683116 | Z45: 0.25758165 | AA45: 0.46443887 | AB45: 10.178433 | AC45: 3.9209508 | AD45: 1.654829 | AE45: 1.8785508 | AF45: 2.7663353 | AG45: 4.4764202 | AH45: 1 | AI45: 0 | AJ45: 0 | AK45: 0 | AL45: 0.023255814 | AM45: 0 | AN45: 0 | AO45: 0 | AP45: 0 | AQ45: 0 | AR45: 0 | AS45: 0.058051082 | AT45: 0.54314478 | AU45: 0.13358119 | AV45: 1 | AW45: 0 | AX45: 0 | AY45: 0 | AZ45: 0 | BA45: 7 | BB45: 148 | BC45: 162 | BD45: Pass
A46: HumanEval/44 | B46: humaneval | C46: 0 | D46: baseline_deterministic | E46: TRUE | F46: FALSE | G46: {'type': None} | H46: def change_base(x: int, base: int): """Change numerical base of input number x to base. return string representation after the conversion. base numbers are less than 10. >>> change_base(8, 3) '22' >>> change_base(8, 2) '1000' >>> change_base(7, 2) '111' """ | I46: ```python def change_base(x: int, base: int) -> str: if x == 0: return "0" digits = [] while x: digits.append(int(x % base)) x //= base return ''.join(str(x) for x in digits[::-1]) ``` | J46: def change_base(x: int, base: int) -> str: if x == 0: return "0" digits = [] while x: digits.append(int(x % base)) x //= base return ''.join(str(x) for x in digits[::-1]) | K46: 66 | L46: 4.4172027 | M46: 0.06407617 | N46: 0.68798304 | O46: 9.1078797 | P46: 0.29829597 | S46: 66 | T46: 0.06407617 | U46: 0.148628 | V46: 1.8516459e-06 | W46: 0.68798304 | X46: 0.68798118 | Y46: 0.26044917 | Z46: 0.40043221 | AA46: 0.62681606 | AB46: 9.1078797 | AC46: 4.2582176 | AD46: 0.29829597 | AE46: 0.84580984 | AF46: 1.8696728 | AG46: 3.051136 | AH46: 3 | AI46: 0 | AJ46: 0 | AK46: 0 | AL46: 0.045454545 | AM46: 0 | AN46: 0 | AO46: 0 | AP46: 0 | AQ46: 0 | AR46: 1 | AS46: 0.10934283 | AT46: 0.68761345 | AU46: 0.20837493 | AV46: 1 | AW46: 0 | AX46: 0 | AY46: 0 | AZ46: 0 | BA46: 8 | BB46: 210 | BC46: 224 | BD46: Pass
A47: HumanEval/45 | B47: humaneval | C47: 0 | D47: baseline_deterministic | E47: TRUE | F47: FALSE | G47: {'type': None} | H47: def triangle_area(a, h): """Given length of a side and high return area for a triangle. >>> triangle_area(5, 3) 7.5 """ | I47: ```python def triangle_area(a, h): return 0.5 * a * h ``` | J47: def triangle_area(a, h): return 0.5 * a * h | K47: 23 | L47: 1.5271879 | M47: 0.099975419 | N47: 0.67944914 | O47: 8.9325595 | P47: 1.194603 | S47: 23 | T47: 0.099975419 | U47: 0.20651031 | V47: 2.2481386e-06 | W47: 0.67944914 | X47: 0.67944689 | Y47: 0.3866312 | Z47: 0.61703287 | AA47: 0.67049988 | AB47: 8.9325595 | AC47: 4.5499166 | AD47: 1.194603 | AE47: 1.30679 | AF47: 1.7173283 | AG47: 2.0076702 | AH47: 2 | AI47: 0 | AJ47: 0 | AK47: 0 | AL47: 0.086956522 | AM47: 0 | AN47: 0 | AO47: 0 | AP47: 0 | AQ47: 0 | AR47: 0 | AS47: 0.15079919 | AT47: 0.67571991 | AU47: 0.27071724 | AV47: 1 | AW47: 0 | AX47: 0 | AY47: 0 | AZ47: 0 | BA47: 2 | BB47: 47 | BC47: 61 | BD47: Pass
A48: HumanEval/46 | B48: humaneval | C48: 0 | D48: baseline_deterministic | E48: TRUE | F48: FALSE | G48: {'type': None} | H48: def fib4(n: int): """The Fib4 number sequence is a sequence similar to the Fibbonacci sequnece that's defined as follows: fib4(0) -> 0 fib4(1) -> 0 fib4(2) -> 2 fib4(3) -> 0 fib4(n) -> fib4(n-1) + fib4(n-2) + fib4(n-3) + fib4(n-4). Please write a function to efficiently compute the n-th element of the fib4 number sequence. Do not use recursion. >>> fib4(5) 4 >>> fib4(6) 8 >>> fib4(7) 14 """ | I48: ```python def fib4(n: int) -> int: if n < 2: return 0 elif n == 2: return 2 else: a, b, c, d = 0, 0, 2, 0 for _ in range(4, n + 1): a, b, c, d = b, c, d, a + b + c + d return d ``` | J48: def fib4(n: int) -> int: if n < 2: return 0 elif n == 2: return 2 else: a, b, c, d = 0, 0, 2, 0 for _ in range(4, n + 1): a, b, c, d = b, c, d, a + b + c + d return d | K48: 103 | L48: 6.9980197 | M48: 0.055256702 | N48: 0.88501555 | O48: 10.025796 | P48: 0.453125 | S48: 103 | T48: 0.055256702 | U48: 0.16635529 | V48: 7.7149443e-06 | W48: 0.88501555 | X48: 0.88500783 | Y48: 0.1529191 | Z48: 0.39070701 | AA48: 0.84181285 | AB48: 10.025796 | AC48: 3.8662193 | AD48: 0.453125 | AE48: 1.3174423 | AF48: 2.1839479 | AG48: 3.392614 | AH48: 4 | AI48: 0 | AJ48: 0 | AK48: 0 | AL48: 0.038834951 | AM48: 0 | AN48: 0 | AO48: 0 | AP48: 0 | AQ48: 0 | AR48: 1 | AS48: 0.10354878 | AT48: 0.88394677 | AU48: 0.24029229 | AV48: 1 | AW48: 0 | AX48: 0 | AY48: 0 | AZ48: 0 | BA48: 10 | BB48: 230 | BC48: 244 | BD48: Pass
A49: HumanEval/47 | B49: humaneval | C49: 0 | D49: baseline_deterministic | E49: TRUE | F49: FALSE | G49: {'type': None} | H49: def median(l: list): """Return median of elements in the list l. >>> median([3, 1, 2, 4, 5]) 3 >>> median([-10, 4, 6, 1000, 10, 20]) 15.0 """ | I49: ```python def median(l: list): sorted_l = sorted(l) n = len(sorted_l) mid = n // 2 if n % 2 == 0: return (sorted_l[mid - 1] + sorted_l[mid]) / 2 else: return sorted_l[mid] ``` | J49: def median(l: list): sorted_l = sorted(l) n = len(sorted_l) mid = n // 2 if n % 2 == 0: return (sorted_l[mid - 1] + sorted_l[mid]) / 2 else: return sorted_l[mid] | K49: 71 | L49: 4.7024322 | M49: 0.099981896 | N49: 1.598067 | O49: 9.6749064 | P49: 0.234375 | S49: 71 | T49: 0.099981896 | U49: 0.28302897 | V49: 1.2193334e-06 | W49: 1.598067 | X49: 1.5980658 | Y49: 0.28246844 | Z49: 0.67391667 | AA49: 1.247463 | AB49: 9.6749064 | AC49: 4.5725591 | AD49: 0.234375 | AE49: 0.33877792 | AF49: 0.80894947 | AG49: 2.453125 | AH49: 6 | AI49: 2 | AJ49: 1 | AK49: 0 | AL49: 0.084507042 | AM49: 0.028169014 | AN49: 0.014084507 | AO49: 0 | AP49: 0 | AQ49: 1 | AR49: 3 | AS49: 0.17627913 | AT49: 1.5955225 | AU49: 0.38894286 | AV49: 1 | AW49: 1 | AX49: 1 | AY49: 0 | AZ49: 1 | BA49: 8 | BB49: 197 | BC49: 211 | BD49: Pass
A50: HumanEval/48 | B50: humaneval | C50: 0 | D50: baseline_deterministic | E50: TRUE | F50: FALSE | G50: {'type': None} | H50: def is_palindrome(text: str): """ Checks if given string is a palindrome >>> is_palindrome('') True >>> is_palindrome('aba') True >>> is_palindrome('aaaaa') True >>> is_palindrome('zbcd') False """ | I50: ```python def is_palindrome(text: str) -> bool: return text == text[::-1] ``` | J50: def is_palindrome(text: str) -> bool: return text == text[::-1] | K50: 24 | L50: 1.593528 | M50: 0.066967394 | N50: 0.68619269 | O50: 8.9582152 | P50: 1.34659 | S50: 24 | T50: 0.066967394 | U50: 0.17026771 | V50: 2.867534e-06 | W50: 0.68619269 | X50: 0.68618982 | Y50: 0.28961058 | Z50: 0.38805242 | AA50: 0.61788462 | AB50: 8.9582152 | AC50: 3.8684446 | AD50: 1.34659 | AE50: 1.474985 | AF50: 2.060156 | AG50: 3.5492901 | AH50: 1 | AI50: 0 | AJ50: 0 | AK50: 0 | AL50: 0.041666667 | AM50: 0 | AN50: 0 | AO50: 0 | AP50: 0 | AQ50: 0 | AR50: 0 | AS50: 0.10641806 | AT50: 0.68302905 | AU50: 0.21263292 | AV50: 1 | AW50: 0 | AX50: 0 | AY50: 0 | AZ50: 0 | BA50: 2 | BB50: 67 | BC50: 81 | BD50: Pass
A51: HumanEval/49 | B51: humaneval | C51: 0 | D51: baseline_deterministic | E51: TRUE | F51: FALSE | G51: {'type': None} | H51: def modp(n: int, p: int): """Return 2^n modulo p (be aware of numerics). >>> modp(3, 5) 3 >>> modp(1101, 101) 2 >>> modp(0, 101) 1 >>> modp(3, 11) 8 >>> modp(100, 101) 1 """ | I51: ```python def modp(n: int, p: int) -> int: return pow(2, n, p) ``` | J51: def modp(n: int, p: int) -> int: return pow(2, n, p) | K51: 29 | L51: 1.9853552 | M51: 0.066392742 | N51: 0.74589199 | O51: 9.1077591 | P51: 1.5539761 | S51: 29 | T51: 0.066392742 | U51: 0.17853477 | V51: 7.4275672e-06 | W51: 0.74589199 | X51: 0.74588456 | Y51: 0.13432558 | Z51: 0.45630026 | AA51: 0.71492888 | AB51: 9.1077591 | AC51: 3.9200749 | AD51: 1.5539761 | AE51: 1.7850564 | AF51: 2.6423306 | AG51: 4.17216 | AH51: 2 | AI51: 0 | AJ51: 0 | AK51: 0 | AL51: 0.068965517 | AM51: 0 | AN51: 0 | AO51: 0 | AP51: 0 | AQ51: 0 | AR51: 0 | AS51: 0.10520728 | AT51: 0.74031004 | AU51: 0.23700111 | AV51: 1 | AW51: 0 | AX51: 0 | AY51: 0 | AZ51: 0 | BA51: 2 | BB51: 56 | BC51: 70 | BD51: Pass
A52: HumanEval/50 | B52: humaneval | C52: 0 | D52: baseline_deterministic | E52: FALSE | F52: TRUE | G52: {'type': 'RuntimeError', 'message': "NameError: name 'encode_shift' is not defined. Did you mean: 'decode_shift'?", 'stderr_tail': 'Traceback (most recent call last):\n File "/tmp/tmpcvam28ms/candidate_eval.py", line 37, in <module>\n check(decode_shift)\n File "/tmp/tmpcvam28ms/candidate_eval.py", line 32, in check\n encoded_str = encode_shift(str)\n ^^^^^^^^^^^^\nNameError: name \'encode_shift\' is not defined. Did you mean: \'decode_shift\'?\n', 'stdout_tail': ''} | H52: def encode_shift(s: str): """ returns encoded string by shifting every character by 5 in the alphabet. """ return "".join([chr(((ord(ch) + 5 - ord("a")) % 26) + ord("a")) for ch in s]) def decode_shift(s: str): """ takes as input string encoded with encode_shift function. Returns decoded string. """ | I52: def decode_shift(s: str): """ takes as input string encoded with encode_shift function. Returns decoded string. """ return "".join([chr(((ord(ch) - 5 - ord("a")) % 26) + ord("a")) for ch in s]) | J52: def decode_shift(s: str): """ takes as input string encoded with encode_shift function. Returns decoded string. """ return "".join([chr(((ord(ch) - 5 - ord("a")) % 26) + ord("a")) for ch in s]) | K52: 60 | L52: 3.9828539 | M52: 0.042493726 | N52: 1.0262069 | O52: 9.1657914 | P52: 0.3125 | Q52: RuntimeError | R52: NameError: name 'encode_shift' is not defined. Did you mean: 'decode_shift'? | S52: 60 | T52: 0.042493726 | U52: 0.16296741 | V52: 6.2574604e-06 | W52: 1.0262069 | X52: 1.0262006 | Y52: 0.054315204 | Z52: 0.14422427 | AA52: 0.84900144 | AB52: 9.1657914 | AC52: 3.0164638 | AD52: 0.3125 | AE52: 0.53039762 | AF52: 3.419675 | AG52: 4.826705 | AH52: 2 | AI52: 1 | AJ52: 0 | AK52: 0 | AL52: 0.033333333 | AM52: 0.016666667 | AN52: 0 | AO52: 0 | AP52: 0 | AQ52: 0 | AR52: 1 | AS52: 0.065283791 | AT52: 1.0128585 | AU52: 0.19391055 | AV52: 1 | AW52: 1 | AX52: 0 | AY52: 0 | AZ52: 1 | BA52: 5 | BB52: 209 | BC52: 209 | BD52: Other_fail
A53: HumanEval/51 | B53: humaneval | C53: 0 | D53: baseline_deterministic | E53: TRUE | F53: FALSE | G53: {'type': None} | H53: def remove_vowels(text): """ remove_vowels is a function that takes string and returns string without vowels. >>> remove_vowels('') '' >>> remove_vowels("abcdef\nghijklm") 'bcdf\nghjklm' >>> remove_vowels('abcdef') 'bcdf' >>> remove_vowels('aaaaa') '' >>> remove_vowels('aaBAA') 'B' >>> remove_vowels('zbcd') 'zbcd' """ | I53: ```python def remove_vowels(text): return ''.join(c for c in text if c.lower() not in 'aeiou') ``` | J53: def remove_vowels(text): return ''.join(c for c in text if c.lower() not in 'aeiou') | K53: 31 | L53: 2.130303 | M53: 0.11552629 | N53: 1.1806167 | O53: 9.232886 | P53: 0.296875 | S53: 31 | T53: 0.11552629 | U53: 0.25555966 | V53: 2.8498962e-06 | W53: 1.1806167 | X53: 1.1806139 | Y53: 0.3544637 | Z53: 0.55097488 | AA53: 0.99512753 | AB53: 9.232886 | AC53: 4.9765043 | AD53: 0.296875 | AE53: 0.65056782 | AF53: 1.6193171 | AG53: 2.140625 | AH53: 3 | AI53: 1 | AJ53: 0 | AK53: 0 | AL53: 0.096774194 | AM53: 0.032258065 | AN53: 0 | AO53: 0 | AP53: 0 | AQ53: 0 | AR53: 1 | AS53: 0.19508756 | AT53: 1.1806041 | AU53: 0.36722271 | AV53: 1 | AW53: 1 | AX53: 0 | AY53: 0 | AZ53: 1 | BA53: 2 | BB53: 88 | BC53: 102 | BD53: Pass
A54: HumanEval/52 | B54: humaneval | C54: 0 | D54: baseline_deterministic | E54: TRUE | F54: FALSE | G54: {'type': None} | H54: def below_threshold(l: list, t: int): """Return True if all numbers in the list l are below threshold t. >>> below_threshold([1, 2, 4, 10], 100) True >>> below_threshold([1, 20, 4, 10], 5) False """ | I54: ```python def below_threshold(l: list, t: int) -> bool: return all(x < t for x in l) ``` | J54: def below_threshold(l: list, t: int) -> bool: return all(x < t for x in l) | K54: 30 | L54: 1.9945789 | M54: 0.073695817 | N54: 0.63464367 | O54: 9.0153179 | P54: 1.303978 | S54: 30 | T54: 0.073695817 | U54: 0.17028646 | V54: 3.7925065e-06 | W54: 0.63464367 | X54: 0.63463988 | Y54: 0.28587047 | Z54: 0.4663086 | AA54: 0.62496182 | AB54: 9.0153179 | AC54: 4.2324924 | AD54: 1.303978 | AE54: 1.3768895 | AF54: 1.947869 | AG54: 2.7318182 | AH54: 2 | AI54: 0 | AJ54: 0 | AK54: 0 | AL54: 0.066666667 | AM54: 0 | AN54: 0 | AO54: 0 | AP54: 0 | AQ54: 0 | AR54: 0 | AS54: 0.12541803 | AT54: 0.63221866 | AU54: 0.23157849 | AV54: 1 | AW54: 0 | AX54: 0 | AY54: 0 | AZ54: 0 | BA54: 2 | BB54: 78 | BC54: 92 | BD54: Pass
A55: HumanEval/53 | B55: humaneval | C55: 0 | D55: baseline_deterministic | E55: TRUE | F55: FALSE | G55: {'type': None} | H55: def add(x: int, y: int): """Add two numbers x and y >>> add(2, 3) 5 >>> add(5, 7) 12 """ | I55: ```python def add(x: int, y: int) -> int: return x + y ``` | J55: def add(x: int, y: int) -> int: return x + y | K55: 24 | L55: 1.5926638 | M55: 0.066401636 | N55: 0.65954489 | O55: 9.7488465 | P55: 1.65625 | S55: 24 | T55: 0.066401636 | U55: 0.1779861 | V55: 1.0395079e-05 | W55: 0.65954489 | X55: 0.65953449 | Y55: 0.13383241 | Z55: 0.53433394 | AA55: 0.6466976 | AB55: 9.7488465 | AC55: 4.1490085 | AD55: 1.65625 | AE55: 1.6961081 | AF55: 2.0715914 | AG55: 3.5215912 | AH55: 2 | AI55: 0 | AJ55: 0 | AK55: 0 | AL55: 0.083333333 | AM55: 0 | AN55: 0 | AO55: 0 | AP55: 0 | AQ55: 0 | AR55: 0 | AS55: 0.10923978 | AT55: 0.65915521 | AU55: 0.2342287 | AV55: 1 | AW55: 0 | AX55: 0 | AY55: 0 | AZ55: 0 | BA55: 2 | BB55: 48 | BC55: 62 | BD55: Pass
A56: HumanEval/54 | B56: humaneval | C56: 0 | D56: baseline_deterministic | E56: TRUE | F56: FALSE | G56: {'type': None} | H56: def same_chars(s0: str, s1: str): """ Check if two words have the same characters. >>> same_chars('eabcdzzzz', 'dddzzzzzzzddeddabc') True >>> same_chars('abcd', 'dddddddabc') True >>> same_chars('dddddddabc', 'abcd') True >>> same_chars('eabcd', 'dddddddabc') False >>> same_chars('abcd', 'dddddddabce') False >>> same_chars('eabcdzzzz', 'dddzzzzzzzddddabc') False """ | I56: ```python def same_chars(s0: str, s1: str) -> bool: return set(s0) == set(s1) ``` | J56: def same_chars(s0: str, s1: str) -> bool: return set(s0) == set(s1) | K56: 32 | L56: 2.2082296 | M56: 0.060808814 | N56: 0.74788743 | O56: 9.3632151 | P56: 1.2528419 | S56: 32 | T56: 0.060808814 | U56: 0.18102846 | V56: 7.0820985e-05 | W56: 0.74788743 | X56: 0.74781661 | Y56: 0.13804475 | Z56: 0.45912804 | AA56: 0.73059131 | AB56: 9.3632151 | AC56: 3.4193556 | AD56: 1.2528419 | AE56: 1.5456683 | AF56: 2.3982244 | AG56: 3.5769875 | AH56: 2 | AI56: 0 | AJ56: 0 | AK56: 0 | AL56: 0.0625 | AM56: 0 | AN56: 0 | AO56: 0 | AP56: 0 | AQ56: 0 | AR56: 0 | AS56: 0.099853412 | AT56: 0.74571375 | AU56: 0.23692548 | AV56: 1 | AW56: 0 | AX56: 0 | AY56: 0 | AZ56: 0 | BA56: 2 | BB56: 71 | BC56: 85 | BD56: Pass
A57: HumanEval/55 | B57: humaneval | C57: 0 | D57: baseline_deterministic | E57: TRUE | F57: FALSE | G57: {'type': None} | H57: def fib(n: int): """Return n-th Fibonacci number. >>> fib(10) 55 >>> fib(1) 1 >>> fib(8) 21 """ | I57: ```python def fib(n: int) -> int: if n <= 0: return 0 elif n == 1: return 1 else: a, b = 0, 1 for _ in range(2, n + 1): a, b = b, a + b return b ``` | J57: def fib(n: int) -> int: if n <= 0: return 0 elif n == 1: return 1 else: a, b = 0, 1 for _ in range(2, n + 1): a, b = b, a + b return b | K57: 80 | L57: 5.2568773 | M57: 0.049916026 | N57: 0.71735728 | O57: 10.44478 | P57: 0.29829597 | S57: 80 | T57: 0.049916026 | U57: 0.15094507 | V57: 2.7183446e-06 | W57: 0.71735728 | X57: 0.71735456 | Y57: 0.12587752 | Z57: 0.32768155 | AA57: 0.69498108 | AB57: 10.44478 | AC57: 4.2773054 | AD57: 0.29829597 | AE57: 0.4452984 | AF57: 2.7816776 | AG57: 3.8470169 | AH57: 4 | AI57: 0 | AJ57: 0 | AK57: 0 | AL57: 0.05 | AM57: 0 | AN57: 0 | AO57: 0 | AP57: 0 | AQ57: 0 | AR57: 2 | AS57: 0.090805589 | AT57: 0.71720211 | AU57: 0.2112757 | AV57: 1 | AW57: 0 | AX57: 0 | AY57: 0 | AZ57: 0 | BA57: 10 | BB57: 198 | BC57: 212 | BD57: Pass
A58: HumanEval/56 | B58: humaneval | C58: 0 | D58: baseline_deterministic | E58: TRUE | F58: FALSE | G58: {'type': None} | H58: def correct_bracketing(brackets: str): """ brackets is a string of "<" and ">". return True if every opening bracket has a corresponding closing bracket. >>> correct_bracketing("<") False >>> correct_bracketing("<>") True >>> correct_bracketing("<<><>>") True >>> correct_bracketing("><<>") False """ | I58: ```python def correct_bracketing(brackets: str) -> bool: balance = 0 for bracket in brackets: if bracket == '<': balance += 1 elif bracket == '>': balance -= 1 if balance < 0: return False return balance == 0 ``` | J58: def correct_bracketing(brackets: str) -> bool: balance = 0 for bracket in brackets: if bracket == '<': balance += 1 elif bracket == '>': balance -= 1 if balance < 0: return False return balance == 0 | K58: 72 | L58: 4.7748226 | M58: 0.051263548 | N58: 0.99761868 | O58: 10.249557 | P58: 1.15625 | S58: 72 | T58: 0.051263548 | U58: 0.16277512 | V58: 4.6837478e-08 | W58: 0.99761868 | X58: 0.99761863 | Y58: 0.12910671 | Z58: 0.28415589 | AA58: 0.81564426 | AB58: 10.249557 | AC58: 4.1964486 | AD58: 1.15625 | AE58: 1.2944181 | AF58: 2.8064627 | AG58: 3.7938925 | AH58: 2 | AI58: 0 | AJ58: 0 | AK58: 0 | AL58: 0.027777778 | AM58: 0 | AN58: 0 | AO58: 0 | AP58: 0 | AQ58: 0 | AR58: 0 | AS58: 0.094759128 | AT58: 0.997316 | AU58: 0.23514643 | AV58: 1 | AW58: 0 | AX58: 0 | AY58: 0 | AZ58: 0 | BA58: 10 | BB58: 270 | BC58: 284 | BD58: Pass
A59: HumanEval/57 | B59: humaneval | C59: 0 | D59: baseline_deterministic | E59: TRUE | F59: FALSE | G59: {'type': None} | H59: def monotonic(l: list): """Return True is list elements are monotonically increasing or decreasing. >>> monotonic([1, 2, 4, 20]) True >>> monotonic([1, 20, 4, 10]) False >>> monotonic([4, 1, 0, -10]) True """ | I59: ```python def monotonic(l: list) -> bool: return all(x <= y for x, y in zip(l, l[1:])) or all(x >= y for x, y in zip(l, l[1:])) ``` | J59: def monotonic(l: list) -> bool: return all(x <= y for x, y in zip(l, l[1:])) or all(x >= y for x, y in zip(l, l[1:])) | K59: 52 | L59: 3.4579672 | M59: 0.07721659 | N59: 0.90861571 | O59: 9.2024287 | P59: 0.375 | S59: 52 | T59: 0.07721659 | U59: 0.19424354 | V59: 7.7632012e-06 | W59: 0.90861571 | X59: 0.90860795 | Y59: 0.32240311 | Z59: 0.57418582 | AA59: 0.76516134 | AB59: 9.2024287 | AC59: 4.1153413 | AD59: 0.375 | AE59: 0.5814628 | AF59: 1.662357 | AG59: 3.3021307 | AH59: 4 | AI59: 0 | AJ59: 0 | AK59: 0 | AL59: 0.076923077 | AM59: 0 | AN59: 0 | AO59: 0 | AP59: 0 | AQ59: 0 | AR59: 1 | AS59: 0.096047788 | AT59: 0.62702294 | AU59: 0.20642632 | AV59: 2 | AW59: 0 | AX59: 0 | AY59: 0 | AZ59: 0 | BA59: 2 | BB59: 121 | BC59: 135 | BD59: Pass
A60: HumanEval/58 | B60: humaneval | C60: 0 | D60: baseline_deterministic | E60: TRUE | F60: FALSE | G60: {'type': None} | H60: def common(l1: list, l2: list): """Return sorted unique common elements for two lists. >>> common([1, 4, 3, 34, 653, 2, 5], [5, 7, 1, 5, 9, 653, 121]) [1, 5, 653] >>> common([5, 3, 2, 8], [3, 2]) [2, 3] """ | I60: ```python def common(l1: list, l2: list): return sorted(set(l1) & set(l2)) ``` | J60: def common(l1: list, l2: list): return sorted(set(l1) & set(l2)) | K60: 29 | L60: 1.9958012 | M60: 0.11526067 | N60: 0.68150437 | O60: 7.8414729 | P60: 0.44176292 | S60: 29 | T60: 0.11526067 | U60: 0.22611756 | V60: 9.4062098e-06 | W60: 0.68150437 | X60: 0.68149496 | Y60: 0.50232868 | Z60: 0.65798442 | AA60: 0.68044927 | AB60: 7.8414729 | AC60: 4.0374987 | AD60: 0.44176292 | AE60: 0.83352356 | AF60: 1.902272 | AG60: 2.0522724 | AH60: 3 | AI60: 0 | AJ60: 0 | AK60: 0 | AL60: 0.10344828 | AM60: 0 | AN60: 0 | AO60: 0 | AP60: 0 | AQ60: 0 | AR60: 1 | AS60: 0.1907411 | AT60: 0.68007682 | AU60: 0.31658253 | AV60: 1 | AW60: 0 | AX60: 0 | AY60: 0 | AZ60: 0 | BA60: 2 | BB60: 68 | BC60: 82 | BD60: Pass
A61: HumanEval/59 | B61: humaneval | C61: 0 | D61: baseline_deterministic | E61: TRUE | F61: FALSE | G61: {'type': None} | H61: def largest_prime_factor(n: int): """Return the largest prime factor of n. Assume n > 1 and is not a prime. >>> largest_prime_factor(13195) 29 >>> largest_prime_factor(2048) 2 """ | I61: ```python import math def largest_prime_factor(n: int) -> int: def is_prime(num): if num <= 1: return False for i in range(2, int(math.sqrt(num)) + 1): if num % i == 0: return False return True largest_factor = -1 while n % 2 == 0: largest_factor = 2 n //= 2 for i in range(3, int(math.sqrt(n)) + 1, 2): while n % i == 0: largest_factor = i n //= i if n > 2: largest_factor = n return largest_factor ``` | J61: import math def largest_prime_factor(n: int) -> int: def is_prime(num): if num <= 1: return False for i in range(2, int(math.sqrt(num)) + 1): if num % i == 0: return False return True largest_factor = -1 while n % 2 == 0: largest_factor = 2 n //= 2 for i in range(3, int(math.sqrt(n)) + 1, 2): while n % i == 0: largest_factor = i n //= i if n > 2: largest_factor = n return largest_factor | K61: 158 | L61: 10.459494 | M61: 0.092860529 | N61: 1.9560142 | O61: 9.6553693 | P61: 0.015625 | S61: 158 | T61: 0.092860529 | U61: 0.26957797 | V61: 2.7939509e-06 | W61: 1.9560142 | X61: 1.9560114 | Y61: 0.3173678 | Z61: 0.70309955 | AA61: 1.0986015 | AB61: 9.6553693 | AC61: 4.1653029 | AD61: 0.015625 | AE61: 0.24637821 | AF61: 1.2001421 | AG61: 2.7301126 | AH61: 13 | AI61: 3 | AJ61: 1 | AK61: 0 | AL61: 0.082278481 | AM61: 0.018987342 | AN61: 0.0063291139 | AO61: 1 | AP61: 1 | AQ61: 2 | AR61: 4 | AS61: 0.14847604 | AT61: 1.9548511 | AU61: 0.34676728 | AV61: 2 | AW61: 1 | AX61: 1 | AY61: 0 | AZ61: 1 | BA61: 25 | BB61: 538 | BC61: 552 | BD61: Pass
A62: HumanEval/60 | B62: humaneval | C62: 0 | D62: baseline_deterministic | E62: TRUE | F62: FALSE | G62: {'type': None} | H62: def sum_to_n(n: int): """sum_to_n is a function that sums numbers from 1 to n. >>> sum_to_n(30) 465 >>> sum_to_n(100) 5050 >>> sum_to_n(5) 15 >>> sum_to_n(10) 55 >>> sum_to_n(1) 1 """ | I62: ```python def sum_to_n(n: int) -> int: return n * (n + 1) // 2 ``` | J62: def sum_to_n(n: int) -> int: return n * (n + 1) // 2 | K62: 30 | L62: 2.0442813 | M62: 0.053699988 | N62: 0.5510242 | O62: 10.512098 | P62: 1.947443 | S62: 30 | T62: 0.053699988 | U62: 0.13837696 | V62: 8.3607503e-08 | W62: 0.5510242 | X62: 0.55102411 | Y62: 0.11294917 | Z62: 0.37781187 | AA62: 0.54108139 | AB62: 10.512098 | AC62: 4.9126442 | AD62: 1.947443 | AE62: 1.9927555 | AF62: 2.62081 | AG62: 3.8357954 | AH62: 2 | AI62: 0 | AJ62: 0 | AK62: 0 | AL62: 0.066666667 | AM62: 0 | AN62: 0 | AO62: 0 | AP62: 0 | AQ62: 0 | AR62: 0 | AS62: 0.088462236 | AT62: 0.54848378 | AU62: 0.18043515 | AV62: 1 | AW62: 0 | AX62: 0 | AY62: 0 | AZ62: 0 | BA62: 2 | BB62: 56 | BC62: 70 | BD62: Pass
A63: HumanEval/61 | B63: humaneval | C63: 0 | D63: baseline_deterministic | E63: TRUE | F63: FALSE | G63: {'type': None} | H63: def correct_bracketing(brackets: str): """ brackets is a string of "(" and ")". return True if every opening bracket has a corresponding closing bracket. >>> correct_bracketing("(") False >>> correct_bracketing("()") True >>> correct_bracketing("(()())") True >>> correct_bracketing(")(()") False """ | I63: ```python def correct_bracketing(brackets: str) -> bool: balance = 0 for bracket in brackets: if bracket == '(': balance += 1 elif bracket == ')': balance -= 1 if balance < 0: return False return balance == 0 ``` | J63: def correct_bracketing(brackets: str) -> bool: balance = 0 for bracket in brackets: if bracket == '(': balance += 1 elif bracket == ')': balance -= 1 if balance < 0: return False return balance == 0 | K63: 72 | L63: 4.7733384 | M63: 0.052380177 | N63: 0.86651123 | O63: 10.428169 | P63: 0.5 | S63: 72 | T63: 0.052380177 | U63: 0.16696534 | V63: 3.8002216e-08 | W63: 0.86651123 | X63: 0.86651119 | Y63: 0.12083443 | Z63: 0.29100431 | AA63: 0.84529648 | AB63: 10.428169 | AC63: 4.3086942 | AD63: 0.5 | AE63: 0.56152075 | AF63: 2.8005682 | AG63: 3.9396307 | AH63: 3 | AI63: 0 | AJ63: 0 | AK63: 0 | AL63: 0.041666667 | AM63: 0 | AN63: 0 | AO63: 0 | AP63: 0 | AQ63: 0 | AR63: 0 | AS63: 0.096970827 | AT63: 0.86650043 | AU63: 0.24118146 | AV63: 1 | AW63: 0 | AX63: 0 | AY63: 0 | AZ63: 0 | BA63: 10 | BB63: 270 | BC63: 284 | BD63: Pass
A64: HumanEval/62 | B64: humaneval | C64: 0 | D64: baseline_deterministic | E64: TRUE | F64: FALSE | G64: {'type': None} | H64: def derivative(xs: list): """ xs represent coefficients of a polynomial. xs[0] + xs[1] * x + xs[2] * x^2 + .... Return derivative of this polynomial in the same form. >>> derivative([3, 1, 2, 4, 5]) [1, 4, 12, 20] >>> derivative([1, 2, 3]) [2, 6] """ | I64: ```python def derivative(xs: list): return [i * x for i, x in enumerate(xs)][1:] ``` | J64: def derivative(xs: list): return [i * x for i, x in enumerate(xs)][1:] | K64: 27 | L64: 1.8504688 | M64: 0.17751693 | N64: 1.6527634 | O64: 7.2441607 | P64: 0.66761398 | S64: 27 | T64: 0.17751693 | U64: 0.3674678 | V64: 7.8766068e-05 | W64: 1.6527634 | X64: 1.6526846 | Y64: 0.64336776 | Z64: 0.67209703 | AA64: 1.3986259 | AB64: 7.2441607 | AC64: 4.0461401 | AD64: 0.66761398 | AE64: 0.70713112 | AF64: 0.86434708 | AG64: 1.2457382 | AH64: 4 | AI64: 1 | AJ64: 1 | AK64: 0 | AL64: 0.14814815 | AM64: 0.037037037 | AN64: 0.037037037 | AO64: 0 | AP64: 0 | AQ64: 0 | AR64: 0 | AS64: 0.32160743 | AT64: 1.6524718 | AU64: 0.55415056 | AV64: 1 | AW64: 1 | AX64: 1 | AY64: 0 | AZ64: 1 | BA64: 2 | BB64: 74 | BC64: 88 | BD64: Pass
... A66: HumanEval/64 | B66: humaneval | C66: 0 | D66: baseline_deterministic | E66: TRUE | F66: FALSE | G66: {'type': None} | H66: FIX = """ Add more test cases. """ def vowels_count(s): """Write a function vowels_count which takes a string representing a word as input and returns the number of vowels in the string. Vowels in this case are 'a', 'e', 'i', 'o', 'u'. Here, 'y' is also a vowel, but only when it is at the end of the given word. Example: >>> vowels_count("abcde") 2 >>> vowels_count("ACEDY") 3 """ | I66: ```python def vowels_count(s): vowels = "aeiou" count = sum(1 for char in s.lower() if char in vowels) if s.endswith('y') or s.endswith('Y'): count += 1 return count # Test cases print(vowels_count("abcde")) # Output: 2 print(vowels_count("ACEDY")) # Output: 3 print(vowels_count("rhythm")) # Output: 0 print(vowels_count("SYZYGY")) # Output: 1 print(vowels_count("encyclopedia")) # Output: 6 ``` | J66: def vowels_count(s): vowels = "aeiou" count = sum(1 for char in s.lower() if char in vowels) if s.endswith('y') or s.endswith('Y'): count += 1 return count # Test cases print(vowels_count("abcde")) # Output: 2 print(vowels_count("ACEDY")) # Output: 3 print(vowels_count("rhythm")) # Output: 0 print(vowels_count("SYZYGY")) # Output: 1 print(vowels_count("encyclopedia")) # Output: 6 | K66: 144 | L66: 9.6710031 | M66: 0.09270773 | N66: 1.4300127 | O66: 8.4539146 | P66: 0.12784004 | S66: 144 | T66: 0.09270773 | U66: 0.23374139 | V66: 9.6518424e-06 | W66: 1.4300127 | X66: 1.4300031 | Y66: 0.36613398 | Z66: 0.65407799 | AA66: 0.9734323 | AB66: 8.4539146 | AC66: 3.7235377 | AD66: 0.12784004 | AE66: 0.24862246 | AF66: 1.2049719 | AG66: 3.1389206 | AH66: 13 | AI66: 2 | AJ66: 0 | AK66: 0 | AL66: 0.090277778 | AM66: 0.013888889 | AN66: 0 | AO66: 0 | AP66: 0 | AQ66: 2 | AR66: 5 | AS66: 0.16536557 | AT66: 1.4260075 | AU66: 0.33944998 | AV66: 1 | AW66: 1 | AX66: 0 | AY66: 0 | AZ66: 1 | BA66: 13 | BB66: 412 | BC66: 426 | BD66: Pass
A67: HumanEval/65 | B67: humaneval | C67: 0 | D67: baseline_deterministic | E67: FALSE | F67: TRUE | G67: {'type': 'RuntimeError', 'message': 'AssertionError', 'stderr_tail': 'Traceback (most recent call last):\n File "/tmp/tmpftehru8j/candidate_eval.py", line 35, in <module>\n check(circular_shift)\n File "/tmp/tmpftehru8j/candidate_eval.py", line 26, in check\n assert candidate(12, 2) == "12"\n ^^^^^^^^^^^^^^^^^^^^^^^^\nAssertionError\n', 'stdout_tail': ''} | H67: def circular_shift(x, shift): """Circular shift the digits of the integer x, shift the digits right by shift and return the result as a string. If shift > number of digits, return digits reversed. >>> circular_shift(12, 1) "21" >>> circular_shift(12, 2) "12" """ | I67: ```python def circular_shift(x, shift): s = str(x) n = len(s) if shift >= n: return s[::-1] else: shift %= n return s[-shift:] + s[:-shift] ``` | J67: def circular_shift(x, shift): s = str(x) n = len(s) if shift >= n: return s[::-1] else: shift %= n return s[-shift:] + s[:-shift] | K67: 55 | L67: 3.6458496 | M67: 0.091646674 | N67: 1.16677 | O67: 8.6031899 | P67: 0.984375 | Q67: RuntimeError | R67: AssertionError | S67: 55 | T67: 0.091646674 | U67: 0.2237684 | V67: 1.4533296e-05 | W67: 1.16677 | X67: 1.1667554 | Y67: 0.37174448 | Z67: 0.57006346 | AA67: 0.92645981 | AB67: 8.6031899 | AC67: 4.0013131 | AD67: 0.984375 | AE67: 1.1339491 | AF67: 1.745455 | AG67: 2.3409081 | AH67: 4 | AI67: 1 | AJ67: 0 | AK67: 0 | AL67: 0.072727273 | AM67: 0.018181818 | AN67: 0 | AO67: 0 | AP67: 0 | AQ67: 0 | AR67: 0 | AS67: 0.15288854 | AT67: 1.1665165 | AU67: 0.31907081 | AV67: 1 | AW67: 1 | AX67: 0 | AY67: 0 | AZ67: 1 | BA67: 8 | BB67: 169 | BC67: 183 | BD67: Other_fail
A68: HumanEval/66 | B68: humaneval | C68: 0 | D68: baseline_deterministic | E68: TRUE | F68: FALSE | G68: {'type': None} | H68: def digitSum(s): """Task Write a function that takes a string as input and returns the sum of the upper characters only' ASCII codes. Examples: digitSum("") => 0 digitSum("abAB") => 131 digitSum("abcCd") => 67 digitSum("helloE") => 69 digitSum("woArBld") => 131 digitSum("aAaaaXa") => 153 """ | I68: ```python def digitSum(s): return sum(ord(c) for c in s if c.isupper()) ``` | J68: def digitSum(s): return sum(ord(c) for c in s if c.isupper()) | K68: 25 | L68: 1.7262597 | M68: 0.032197609 | N68: 0.55560774 | O68: 8.9906821 | P68: 1.6065331 | S68: 25 | T68: 0.032197609 | U68: 0.11093752 | V68: 5.8283727e-06 | W68: 0.55560774 | X68: 0.55560191 | Y68: 0.04880671 | Z68: 0.078854179 | AA68: 0.4429511 | AB68: 8.9906821 | AC68: 3.1653878 | AD68: 1.6065331 | AE68: 2.2522151 | AF68: 4.5309662 | AG68: 5.6440353 | AH68: 1 | AI68: 0 | AJ68: 0 | AK68: 0 | AL68: 0.04 | AM68: 0 | AN68: 0 | AO68: 0 | AP68: 0 | AQ68: 0 | AR68: 0 | AS68: 0.039398211 | AT68: 0.55164045 | AU68: 0.11426709 | AV68: 1 | AW68: 0 | AX68: 0 | AY68: 0 | AZ68: 0 | BA68: 2 | BB68: 65 | BC68: 79 | BD68: Pass
A69: HumanEval/67 | B69: humaneval | C69: 0 | D69: baseline_deterministic | E69: TRUE | F69: FALSE | G69: {'type': None} | H69: def fruit_distribution(s,n): """ In this task, you will be given a string that represents a number of apples and oranges that are distributed in a basket of fruit this basket contains apples, oranges, and mango fruits. Given the string that represents the total number of the oranges and apples and an integer that represent the total number of the fruits in the basket return the number of the mango fruits in the basket. for examble: fruit_distribution("5 apples and 6 oranges", 19) ->19 - 5 - 6 = 8 fruit_distribution("0 apples and 1 oranges",3) -> 3 - 0 - 1 = 2 fruit_distribution("2 apples and 3 oranges", 100) -> 100 - 2 - 3 = 95 fruit_distribution("100 apples and 1 oranges",120) -> 120 - 100 - 1 = 19 """ | I69: ```python def fruit_distribution(s, n): parts = s.split() apples = int(parts[0]) oranges = int(parts[3]) return n - apples - oranges ``` | J69: def fruit_distribution(s, n): parts = s.split() apples = int(parts[0]) oranges = int(parts[3]) return n - apples - oranges | K69: 42 | L69: 3.0524153 | M69: 0.12106399 | N69: 2.1357362 | O69: 8.9207595 | P69: 0.18465996 | S69: 42 | T69: 0.12106399 | U69: 0.3699777 | V69: 1.3602574e-05 | W69: 2.1357362 | X69: 2.1357226 | Y69: 0.46564567 | Z69: 0.67225645 | AA69: 1.5574074 | AB69: 8.9207595 | AC69: 4.0147489 | AD69: 0.18465996 | AE69: 0.31860861 | AF69: 1.087287 | AG69: 1.7482956 | AH69: 4 | AI69: 1 | AJ69: 1 | AK69: 1 | AL69: 0.095238095 | AM69: 0.023809524 | AN69: 0.023809524 | AO69: 0 | AP69: 0 | AQ69: 1 | AR69: 1 | AS69: 0.23038595 | AT69: 2.1353331 | AU69: 0.54126264 | AV69: 1 | AW69: 1 | AX69: 1 | AY69: 0 | AZ69: 1 | BA69: 5 | BB69: 138 | BC69: 152 | BD69: Pass
A70: HumanEval/68 | B70: humaneval | C70: 0 | D70: baseline_deterministic | E70: TRUE | F70: FALSE | G70: {'type': None} | H70: def pluck(arr): """ "Given an array representing a branch of a tree that has non-negative integer nodes your task is to pluck one of the nodes and return it. The plucked node should be the node with the smallest even value. If multiple nodes with the same smallest even value are found return the node that has smallest index. The plucked node should be returned in a list, [ smalest_value, its index ], If there are no even values or the given array is empty, return []. Example 1: Input: [4,2,3] Output: [2, 1] Explanation: 2 has the smallest even value, and 2 has the smallest index. Example 2: Input: [1,2,3] Output: [2, 1] Explanation: 2 has the smallest even value, and 2 has the smallest index. Example 3: Input: [] Output: [] Example 4: Input: [5, 0, 3, 0, 4, 2] Output: [0, 1] Explanation: 0 is the smallest value, but there are two zeros, so we will choose the first zero, which has the smallest index. Constraints: * 1 <= nodes.length <= 10000 * 0 <= node.value """ | I70: ```python def pluck(arr): min_val = float('inf') min_index = -1 for i, val in enumerate(arr): if val % 2 == 0 and val < min_val: min_val = val min_index = i if min_index == -1: return [] return [min_val, min_index] ``` | J70: def pluck(arr): min_val = float('inf') min_index = -1 for i, val in enumerate(arr): if val % 2 == 0 and val < min_val: min_val = val min_index = i if min_index == -1: return [] return [min_val, min_index] | K70: 81 | L70: 5.7485259 | M70: 0.079730639 | N70: 1.3538574 | O70: 9.5684716 | P70: 0.14204597 | S70: 81 | T70: 0.079730639 | U70: 0.23443943 | V70: 2.230976e-06 | W70: 1.3538574 | X70: 1.3538552 | Y70: 0.099078529 | Z70: 0.53173959 | AA70: 1.11337 | AB70: 9.5684716 | AC70: 4.3738751 | AD70: 0.14204597 | AE70: 0.24090919 | AF70: 1.515625 | AG70: 3.896307 | AH70: 5 | AI70: 2 | AJ70: 0 | AK70: 0 | AL70: 0.061728395 | AM70: 0.024691358 | AN70: 0 | AO70: 0 | AP70: 0 | AQ70: 1 | AR70: 3 | AS70: 0.13386086 | AT70: 1.3484271 | AU70: 0.31705044 | AV70: 2 | AW70: 1 | AX70: 0 | AY70: 0 | AZ70: 1 | BA70: 13 | BB70: 267 | BC70: 281 | BD70: Pass
A71: HumanEval/69 | B71: humaneval | C71: 0 | D71: baseline_deterministic | E71: TRUE | F71: FALSE | G71: {'type': None} | H71: def search(lst): ''' You are given a non-empty list of positive integers. Return the greatest integer that is greater than zero, and has a frequency greater than or equal to the value of the integer itself. The frequency of an integer is the number of times it appears in the list. If no such a value exist, return -1. Examples: search([4, 1, 2, 2, 3, 1]) == 2 search([1, 2, 2, 3, 3, 3, 4, 4, 4]) == 3 search([5, 5, 4, 4, 4]) == -1 ''' | I71: ```python from collections import Counter def search(lst): freq = Counter(lst) for num in sorted(freq.keys(), reverse=True): if freq[num] >= num: return num return -1 ``` | J71: from collections import Counter def search(lst): freq = Counter(lst) for num in sorted(freq.keys(), reverse=True): if freq[num] >= num: return num return -1 | K71: 48 | L71: 3.2823052 | M71: 0.11931098 | N71: 0.93632376 | O71: 8.4786786 | P71: 0.14914703 | S71: 48 | T71: 0.11931098 | U71: 0.25676644 | V71: 5.8683518e-06 | W71: 0.93632376 | X71: 0.93631789 | Y71: 0.53052018 | Z71: 0.7780711 | AA71: 0.9293349 | AB71: 8.4786786 | AC71: 4.1658456 | AD71: 0.14914703 | AE71: 0.57107918 | AF71: 1.3048291 | AG71: 1.8223005 | AH71: 6 | AI71: 0 | AJ71: 0 | AK71: 0 | AL71: 0.125 | AM71: 0 | AN71: 0 | AO71: 0 | AP71: 0 | AQ71: 1 | AR71: 1 | AS71: 0.16934514 | AT71: 0.92623171 | AU71: 0.33045381 | AV71: 2 | AW71: 0 | AX71: 0 | AY71: 0 | AZ71: 0 | BA71: 8 | BB71: 189 | BC71: 203 | BD71: Pass
A72: HumanEval/70 | B72: humaneval | C72: 0 | D72: baseline_deterministic | E72: TRUE | F72: FALSE | G72: {'type': None} | H72: def strange_sort_list(lst): ''' Given list of integers, return list in strange order. Strange sorting, is when you start with the minimum value, then maximum of the remaining integers, then minimum and so on. Examples: strange_sort_list([1, 2, 3, 4]) == [1, 4, 2, 3] strange_sort_list([5, 5, 5, 5]) == [5, 5, 5, 5] strange_sort_list([]) == [] ''' | I72: ```python def strange_sort_list(lst): sorted_lst = sorted(lst) result = [] while sorted_lst: if sorted_lst: result.append(sorted_lst.pop(0)) if sorted_lst: result.append(sorted_lst.pop()) return result ``` | J72: def strange_sort_list(lst): sorted_lst = sorted(lst) result = [] while sorted_lst: if sorted_lst: result.append(sorted_lst.pop(0)) if sorted_lst: result.append(sorted_lst.pop()) return result | K72: 57 | L72: 3.8472484 | M72: 0.079090635 | N72: 1.1086665 | O72: 9.2798923 | P72: 0.65625 | S72: 57 | T72: 0.079090635 | U72: 0.21750312 | V72: 2.3135787e-08 | W72: 1.1086665 | X72: 1.1086665 | Y72: 0.28037339 | Z72: 0.54082997 | AA72: 0.93619931 | AB72: 9.2798923 | AC72: 4.2126964 | AD72: 0.65625 | AE72: 0.77556808 | AF72: 1.5133514 | AG72: 3.0298298 | AH72: 4 | AI72: 1 | AJ72: 0 | AK72: 0 | AL72: 0.070175439 | AM72: 0.01754386 | AN72: 0 | AO72: 0 | AP72: 0 | AQ72: 0 | AR72: 0 | AS72: 0.12466555 | AT72: 1.1046238 | AU72: 0.29035127 | AV72: 1 | AW72: 1 | AX72: 0 | AY72: 0 | AZ72: 1 | BA72: 9 | BB72: 247 | BC72: 261 | BD72: Pass
A73: HumanEval/71 | B73: humaneval | C73: 0 | D73: baseline_deterministic | E73: TRUE | F73: FALSE | G73: {'type': None} | H73: def triangle_area(a, b, c): ''' Given the lengths of the three sides of a triangle. Return the area of the triangle rounded to 2 decimal points if the three sides form a valid triangle. Otherwise return -1 Three sides make a valid triangle when the sum of any two sides is greater than the third side. Example: triangle_area(3, 4, 5) == 6.00 triangle_area(1, 2, 10) == -1 ''' | I73: ```python import math def triangle_area(a, b, c): if a + b > c and a + c > b and b + c > a: s = (a + b + c) / 2 area = math.sqrt(s * (s - a) * (s - b) * (s - c)) return round(area, 2) else: return -1 ``` | J73: import math def triangle_area(a, b, c): if a + b > c and a + c > b and b + c > a: s = (a + b + c) / 2 area = math.sqrt(s * (s - a) * (s - b) * (s - c)) return round(area, 2) else: return -1 | K73: 91 | L73: 6.1017978 | M73: 0.033034455 | N73: 0.78389609 | O73: 11.176184 | P73: 1.5866489 | S73: 91 | T73: 0.033034455 | U73: 0.1273877 | V73: 3.4749684e-07 | W73: 0.78389609 | X73: 0.78389574 | Y73: 0.012923094 | Z73: 0.22173448 | AA73: 0.57835541 | AB73: 11.176184 | AC73: 3.5198579 | AD73: 1.5866489 | AE73: 2.0289774 | AF73: 3.0816755 | AG73: 6.6136379 | AH73: 3 | AI73: 0 | AJ73: 0 | AK73: 0 | AL73: 0.032967033 | AM73: 0 | AN73: 0 | AO73: 0 | AP73: 0 | AQ73: 0 | AR73: 0 | AS73: 0.054674149 | AT73: 0.77890935 | AU73: 0.16229372 | AV73: 1 | AW73: 0 | AX73: 0 | AY73: 0 | AZ73: 0 | BA73: 9 | BB73: 230 | BC73: 244 | BD73: Pass
A74: HumanEval/72 | B74: humaneval | C74: 0 | D74: baseline_deterministic | E74: TRUE | F74: FALSE | G74: {'type': None} | H74: def will_it_fly(q,w): ''' Write a function that returns True if the object q will fly, and False otherwise. The object q will fly if it's balanced (it is a palindromic list) and the sum of its elements is less than or equal the maximum possible weight w. Example: will_it_fly([1, 2], 5) ➞ False # 1+2 is less than the maximum possible weight, but it's unbalanced. will_it_fly([3, 2, 3], 1) ➞ False # it's balanced, but 3+2+3 is more than the maximum possible weight. will_it_fly([3, 2, 3], 9) ➞ True # 3+2+3 is less than the maximum possible weight, and it's balanced. will_it_fly([3], 5) ➞ True # 3 is less than the maximum possible weight, and it's balanced. ''' | I74: ```python def will_it_fly(q, w): return q == q[::-1] and sum(q) <= w ``` | J74: def will_it_fly(q, w): return q == q[::-1] and sum(q) <= w | K74: 29 | L74: 2.1900375 | M74: 0.042882433 | N74: 0.61153668 | O74: 9.4507742 | P74: 1.268465 | S74: 29 | T74: 0.042882433 | U74: 0.13895818 | V74: 1.538017e-05 | W74: 0.61153668 | X74: 0.6115213 | Y74: 0.029648813 | Z74: 0.30100612 | AA74: 0.57021712 | AB74: 9.4507742 | AC74: 3.2757548 | AD74: 1.268465 | AE74: 1.3945448 | AF74: 3.0710228 | AG74: 5.8914776 | AH74: 1 | AI74: 0 | AJ74: 0 | AK74: 0 | AL74: 0.034482759 | AM74: 0 | AN74: 0 | AO74: 0 | AP74: 0 | AQ74: 0 | AR74: 0 | AS74: 0.062517963 | AT74: 0.60714198 | AU74: 0.1678592 | AV74: 1 | AW74: 0 | AX74: 0 | AY74: 0 | AZ74: 0 | BA74: 2 | BB74: 62 | BC74: 76 | BD74: Pass
A75: HumanEval/73 | B75: humaneval | C75: 0 | D75: baseline_deterministic | E75: TRUE | F75: FALSE | G75: {'type': None} | H75: def smallest_change(arr): """ Given an array arr of integers, find the minimum number of elements that need to be changed to make the array palindromic. A palindromic array is an array that is read the same backwards and forwards. In one change, you can change one element to any other element. For example: smallest_change([1,2,3,5,4,7,9,6]) == 4 smallest_change([1, 2, 3, 4, 3, 2, 2]) == 1 smallest_change([1, 2, 3, 2, 1]) == 0 """ | I75: ```python def smallest_change(arr): left = 0 right = len(arr) - 1 changes = 0 while left < right: if arr[left] != arr[right]: changes += 1 left += 1 right -= 1 return changes ``` | J75: def smallest_change(arr): left = 0 right = len(arr) - 1 changes = 0 while left < right: if arr[left] != arr[right]: changes += 1 left += 1 right -= 1 return changes | K75: 69 | L75: 4.6924875 | M75: 0.061722944 | N75: 1.0342083 | O75: 10.962883 | P75: 1.1704559 | S75: 69 | T75: 0.061722944 | U75: 0.20147432 | V75: 1.4862562e-06 | W75: 1.0342083 | X75: 1.0342068 | Y75: 0.058104642 | Z75: 0.54181193 | AA75: 0.9409883 | AB75: 10.962883 | AC75: 4.1235694 | AD75: 1.1704559 | AE75: 1.1820459 | AF75: 1.6474422 | AG75: 5.1653423 | AH75: 4 | AI75: 1 | AJ75: 0 | AK75: 0 | AL75: 0.057971014 | AM75: 0.014492754 | AN75: 0 | AO75: 0 | AP75: 0 | AQ75: 0 | AR75: 0 | AS75: 0.10000324 | AT75: 1.0322507 | AU75: 0.25988543 | AV75: 1 | AW75: 1 | AX75: 0 | AY75: 0 | AZ75: 1 | BA75: 12 | BB75: 230 | BC75: 244 | BD75: Pass
A76: HumanEval/74 | B76: humaneval | C76: 0 | D76: baseline_deterministic | E76: TRUE | F76: FALSE | G76: {'type': None} | H76: def total_match(lst1, lst2): ''' Write a function that accepts two lists of strings and returns the list that has total number of chars in the all strings of the list less than the other list. if the two lists have the same number of chars, return the first list. Examples total_match([], []) ➞ [] total_match(['hi', 'admin'], ['hI', 'Hi']) ➞ ['hI', 'Hi'] total_match(['hi', 'admin'], ['hi', 'hi', 'admin', 'project']) ➞ ['hi', 'admin'] total_match(['hi', 'admin'], ['hI', 'hi', 'hi']) ➞ ['hI', 'hi', 'hi'] total_match(['4'], ['1', '2', '3', '4', '5']) ➞ ['4'] ''' | I76: ```python def total_match(lst1, lst2): len_lst1 = sum(len(s) for s in lst1) len_lst2 = sum(len(s) for s in lst2) return lst1 if len_lst1 <= len_lst2 else lst2 ``` | J76: def total_match(lst1, lst2): len_lst1 = sum(len(s) for s in lst1) len_lst2 = sum(len(s) for s in lst2) return lst1 if len_lst1 <= len_lst2 else lst2 | K76: 60 | L76: 4.1189445 | M76: 0.075153221 | N76: 1.4517064 | O76: 10.270348 | P76: 0.069601059 | S76: 60 | T76: 0.075153221 | U76: 0.23136918 | V76: 2.5519603e-06 | W76: 1.4517064 | X76: 1.4517039 | Y76: 0.20948293 | Z76: 0.43029632 | AA76: 1.0240618 | AB76: 10.270348 | AC76: 4.3973182 | AD76: 0.069601059 | AE76: 0.46600731 | AF76: 1.8124277 | AG76: 2.8876434 | AH76: 3 | AI76: 1 | AJ76: 0 | AK76: 0 | AL76: 0.05 | AM76: 0.016666667 | AN76: 0 | AO76: 0 | AP76: 1 | AQ76: 1 | AR76: 1 | AS76: 0.096894289 | AT76: 1.4285629 | AU76: 0.25667645 | AV76: 2 | AW76: 1 | AX76: 0 | AY76: 0 | AZ76: 1 | BA76: 4 | BB76: 160 | BC76: 174 | BD76: Pass
A77: HumanEval/75 | B77: humaneval | C77: 0 | D77: baseline_deterministic | E77: TRUE | F77: FALSE | G77: {'type': None} | H77: def is_multiply_prime(a): """Write a function that returns true if the given number is the multiplication of 3 prime numbers and false otherwise. Knowing that (a) is less then 100. Example: is_multiply_prime(30) == True 30 = 2 * 3 * 5 """ | I77: ```python from sympy import primerange def is_multiply_prime(a): primes = list(primerange(2, 100)) for i in range(len(primes)): for j in range(i, len(primes)): for k in range(j, len(primes)): if primes[i] * primes[j] * primes[k] == a: return True return False ``` | J77: from sympy import primerange def is_multiply_prime(a): primes = list(primerange(2, 100)) for i in range(len(primes)): for j in range(i, len(primes)): for k in range(j, len(primes)): if primes[i] * primes[j] * primes[k] == a: return True return False | K77: 88 | L77: 5.8198031 | M77: 0.084302551 | N77: 1.0610961 | O77: 9.1701159 | P77: 0.017044067 | S77: 88 | T77: 0.084302551 | U77: 0.2119024 | V77: 3.4751179e-07 | W77: 1.0610961 | X77: 1.0610957 | Y77: 0.31181305 | Z77: 0.60001649 | AA77: 0.90700771 | AB77: 9.1701159 | AC77: 4.1935433 | AD77: 0.017044067 | AE77: 0.19252823 | AF77: 1.9482952 | AG77: 2.8950293 | AH77: 6 | AI77: 1 | AJ77: 0 | AK77: 0 | AL77: 0.068181818 | AM77: 0.011363636 | AN77: 0 | AO77: 1 | AP77: 1 | AQ77: 2 | AR77: 3 | AS77: 0.12580536 | AT77: 1.0518315 | AU77: 0.26844437 | AV77: 2 | AW77: 1 | AX77: 0 | AY77: 0 | AZ77: 1 | BA77: 10 | BB77: 318 | BC77: 332 | BD77: Pass
A78: HumanEval/76 | B78: humaneval | C78: 0 | D78: baseline_deterministic | E78: TRUE | F78: FALSE | G78: {'type': None} | H78: def is_simple_power(x, n): """Your task is to write a function that returns true if a number x is a simple power of n and false in other cases. x is a simple power of n if n**int=x For example: is_simple_power(1, 4) => true is_simple_power(2, 2) => true is_simple_power(8, 2) => true is_simple_power(3, 2) => false is_simple_power(3, 1) => false is_simple_power(5, 3) => false """ | I78: ```python import math def is_simple_power(x, n): if n == 1: return x == 1 root = round(math.log(x, n)) return n ** root == x ``` | J78: import math def is_simple_power(x, n): if n == 1: return x == 1 root = round(math.log(x, n)) return n ** root == x | K78: 48 | L78: 3.2659463 | M78: 0.13898248 | N78: 1.6402892 | O78: 7.1596091 | P78: 0.46875 | S78: 48 | T78: 0.13898248 | U78: 0.30424208 | V78: 2.0662172e-05 | W78: 1.6402892 | X78: 1.6402685 | Y78: 0.61267204 | Z78: 0.70505694 | AA78: 1.2277802 | AB78: 7.1596091 | AC78: 3.8120623 | AD78: 0.46875 | AE78: 0.62296875 | AF78: 0.85333767 | AG78: 1.849147 | AH78: 6 | AI78: 1 | AJ78: 1 | AK78: 0 | AL78: 0.125 | AM78: 0.020833333 | AN78: 0.020833333 | AO78: 0 | AP78: 0 | AQ78: 0 | AR78: 1 | AS78: 0.22713442 | AT78: 1.6401133 | AU78: 0.44233041 | AV78: 1 | AW78: 1 | AX78: 1 | AY78: 0 | AZ78: 1 | BA78: 7 | BB78: 135 | BC78: 149 | BD78: Pass
A79: HumanEval/77 | B79: humaneval | C79: 0 | D79: baseline_deterministic | E79: FALSE | F79: TRUE | G79: {'type': 'RuntimeError', 'message': "TypeError: type complex doesn't define __round__ method", 'stderr_tail': 'Traceback (most recent call last):\n File "/tmp/tmp6yja6nke/candidate_eval.py", line 33, in <module>\n check(iscube)\n File "/tmp/tmp6yja6nke/candidate_eval.py", line 21, in check\n assert candidate(-1) == True, "Third test error: " + str(candidate(-1))\n ^^^^^^^^^^^^^\n File "/tmp/tmp6yja6nke/candidate_eval.py", line 14, in iscube\n return round(a ** (1/3)) ** 3 == a\n ^^^^^^^^^^^^^^^^^\nTypeError: type complex doesn\'t define __round__ method\n', 'stdout_tail': ''} | H79: def iscube(a): ''' Write a function that takes an integer a and returns True if this ingeger is a cube of some integer number. Note: you may assume the input is always valid. Examples: iscube(1) ==> True iscube(2) ==> False iscube(-1) ==> True iscube(64) ==> True iscube(0) ==> True iscube(180) ==> False ''' | I79: ```python def iscube(a): return round(a ** (1/3)) ** 3 == a ``` | J79: def iscube(a): return round(a ** (1/3)) ** 3 == a | K79: 26 | L79: 1.8001786 | M79: 0.14112927 | N79: 0.86783546 | O79: 7.7264263 | P79: 0.22443199 | Q79: RuntimeError | R79: TypeError: type complex doesn't define __round__ method | S79: 26 | T79: 0.14112927 | U79: 0.24403833 | V79: 1.6168747e-06 | W79: 0.86783546 | X79: 0.86783385 | Y79: 0.45244494 | Z79: 0.72703719 | AA79: 0.84344569 | AB79: 7.7264263 | AC79: 4.9794175 | AD79: 0.22443199 | AE79: 0.60759926 | AF79: 1.8938203 | AG79: 2.478694 | AH79: 3 | AI79: 0 | AJ79: 0 | AK79: 0 | AL79: 0.11538462 | AM79: 0 | AN79: 0 | AO79: 0 | AP79: 0 | AQ79: 1 | AR79: 1 | AS79: 0.20824054 | AT79: 0.86209194 | AU79: 0.33282226 | AV79: 1 | AW79: 0 | AX79: 0 | AY79: 0 | AZ79: 0 | BA79: 2 | BB79: 53 | BC79: 67 | BD79: Other_fail
A80: HumanEval/78 | B80: humaneval | C80: 0 | D80: baseline_deterministic | E80: TRUE | F80: FALSE | G80: {'type': None} | H80: def hex_key(num): """You have been tasked to write a function that receives a hexadecimal number as a string and counts the number of hexadecimal digits that are primes (prime number, or a prime, is a natural number greater than 1 that is not a product of two smaller natural numbers). Hexadecimal digits are 0, 1, 2, 3, 4, 5, 6, 7, 8, 9, A, B, C, D, E, F. Prime numbers are 2, 3, 5, 7, 11, 13, 17,... So you have to determine a number of the following digits: 2, 3, 5, 7, B (=decimal 11), D (=decimal 13). Note: you may assume the input is always correct or empty string, and symbols A,B,C,D,E,F are always uppercase. Examples: For num = "AB" the output should be 1. For num = "1077E" the output should be 2. For num = "ABED1A33" the output should be 4. For num = "123456789ABCDEF0" the output should be 6. For num = "2020" the output should be 2. """ | I80: ```python def hex_key(num): prime_hex_digits = {'2', '3', '5', '7', 'B', 'D'} return sum(1 for digit in num if digit in prime_hex_digits) ``` | J80: def hex_key(num): prime_hex_digits = {'2', '3', '5', '7', 'B', 'D'} return sum(1 for digit in num if digit in prime_hex_digits) | K80: 49 | L80: 3.5639899 | M80: 0.074025704 | N80: 1.3962739 | O80: 9.630233 | P80: 0.015625 | S80: 49 | T80: 0.074025704 | U80: 0.23016115 | V80: 1.4717808e-06 | W80: 1.3962739 | X80: 1.3962724 | Y80: 0.16440691 | Z80: 0.4267982 | AA80: 1.0243632 | AB80: 9.630233 | AC80: 4.25791 | AD80: 0.015625 | AE80: 0.833125 | AF80: 2.1755684 | AG80: 3.453125 | AH80: 3 | AI80: 1 | AJ80: 0 | AK80: 0 | AL80: 0.06122449 | AM80: 0.020408163 | AN80: 0 | AO80: 1 | AP80: 1 | AQ80: 1 | AR80: 1 | AS80: 0.12182102 | AT80: 1.3901601 | AU80: 0.30580712 | AV80: 1 | AW80: 1 | AX80: 0 | AY80: 0 | AZ80: 1 | BA80: 3 | BB80: 135 | BC80: 149 | BD80: Pass
A81: HumanEval/79 | B81: humaneval | C81: 0 | D81: baseline_deterministic | E81: TRUE | F81: FALSE | G81: {'type': None} | H81: def decimal_to_binary(decimal): """You will be given a number in decimal form and your task is to convert it to binary format. The function should return a string, with each character representing a binary number. Each character in the string will be '0' or '1'. There will be an extra couple of characters 'db' at the beginning and at the end of the string. The extra characters are there to help with the format. Examples: decimal_to_binary(15) # returns "db1111db" decimal_to_binary(32) # returns "db100000db" """ | I81: ```python def decimal_to_binary(decimal): if decimal == 0: return "db0db" binary = "" while decimal > 0: binary = str(decimal % 2) + binary decimal //= 2 return "db" + binary + "db" ``` | J81: def decimal_to_binary(decimal): if decimal == 0: return "db0db" binary = "" while decimal > 0: binary = str(decimal % 2) + binary decimal //= 2 return "db" + binary + "db" | K81: 65 | L81: 4.4005546 | M81: 0.066574915 | N81: 1.2280111 | O81: 9.2964275 | P81: 0.453125 | S81: 65 | T81: 0.066574915 | U81: 0.20208099 | V81: 1.8168635e-06 | W81: 1.2280111 | X81: 1.2280093 | Y81: 0.18000141 | Z81: 0.43603454 | AA81: 0.90668678 | AB81: 9.2964275 | AC81: 4.0167288 | AD81: 0.453125 | AE81: 0.47039795 | AF81: 1.7588058 | AG81: 3.7213074 | AH81: 3 | AI81: 1 | AJ81: 0 | AK81: 0 | AL81: 0.046153846 | AM81: 0.015384615 | AN81: 0 | AO81: 0 | AP81: 0 | AQ81: 0 | AR81: 2 | AS81: 0.11076158 | AT81: 1.2199557 | AU81: 0.28209432 | AV81: 1 | AW81: 1 | AX81: 0 | AY81: 0 | AZ81: 1 | BA81: 8 | BB81: 211 | BC81: 225 | BD81: Pass
A82: HumanEval/80 | B82: humaneval | C82: 0 | D82: baseline_deterministic | E82: TRUE | F82: FALSE | G82: {'type': None} | H82: def is_happy(s): """You are given a string s. Your task is to check if the string is happy or not. A string is happy if its length is at least 3 and every 3 consecutive letters are distinct For example: is_happy(a) => False is_happy(aa) => False is_happy(abcd) => True is_happy(aabb) => False is_happy(adb) => True is_happy(xyy) => False """ | I82: ```python def is_happy(s): if len(s) < 3: return False for i in range(len(s) - 2): if len(set(s[i:i+3])) != 3: return False return True ``` | J82: def is_happy(s): if len(s) < 3: return False for i in range(len(s) - 2): if len(set(s[i:i+3])) != 3: return False return True | K82: 58 | L82: 3.913618 | M82: 0.048685489 | N82: 0.74779218 | O82: 9.8629878 | P82: 0.72443199 | S82: 58 | T82: 0.048685489 | U82: 0.14686903 | V82: 1.9699974e-06 | W82: 0.74779218 | X82: 0.74779021 | Y82: 0.076427885 | Z82: 0.2855092 | AA82: 0.68455337 | AB82: 9.8629878 | AC82: 3.9266487 | AD82: 0.72443199 | AE82: 0.86207443 | AF82: 2.496734 | AG82: 4.6720175 | AH82: 3 | AI82: 0 | AJ82: 0 | AK82: 0 | AL82: 0.051724138 | AM82: 0 | AN82: 0 | AO82: 0 | AP82: 0 | AQ82: 0 | AR82: 0 | AS82: 0.085973185 | AT82: 0.74753496 | AU82: 0.20566765 | AV82: 1 | AW82: 0 | AX82: 0 | AY82: 0 | AZ82: 0 | BA82: 7 | BB82: 165 | BC82: 179 | BD82: Pass
A83: HumanEval/81 | B83: humaneval | C83: 0 | D83: baseline_deterministic | E83: TRUE | F83: FALSE | G83: {'type': None} | H83: def numerical_letter_grade(grades): """It is the last week of the semester and the teacher has to give the grades to students. The teacher has been making her own algorithm for grading. The only problem is, she has lost the code she used for grading. She has given you a list of GPAs for some students and you have to write a function that can output a list of letter grades using the following table: GPA | Letter grade 4.0 A+ > 3.7 A > 3.3 A- > 3.0 B+ > 2.7 B > 2.3 B- > 2.0 C+ > 1.7 C > 1.3 C- > 1.0 D+ > 0.7 D > 0.0 D- 0.0 E Example: grade_equation([4.0, 3, 1.7, 2, 3.5]) ==> ['A+', 'B', 'C-', 'C', 'A-'] """ | I83: ```python def numerical_letter_grade(grades): return ['A+' if g == 4.0 else 'A' if g > 3.7 else 'A-' if g > 3.3 else 'B+' if g > 3.0 else 'B' if g > 2.7 else 'B-' if g > 2.3 else 'C+' if g > 2.0 else 'C' if g > 1.7 else 'C-' if g > 1.3 else 'D+' if g > 1.0 else 'D' if g > 0.7 else 'D-' if g > 0.0 else 'E' for g in grades] ``` | J83: def numerical_letter_grade(grades): return ['A+' if g == 4.0 else 'A' if g > 3.7 else 'A-' if g > 3.3 else 'B+' if g > 3.0 else 'B' if g > 2.7 else 'B-' if g > 2.3 else 'C+' if g > 2.0 else 'C' if g > 1.7 else 'C-' if g > 1.3 else 'D+' if g > 1.0 else 'D' if g > 0.7 else 'D-' if g > 0.0 else 'E' for g in grades] | K83: 154 | L83: 10.732835 | M83: 0.033986612 | N83: 1.2441988 | O83: 10.081109 | P83: 0.076705933 | S83: 154 | T83: 0.033986612 | U83: 0.15215376 | V83: 3.5879395e-06 | W83: 1.2441988 | X83: 1.2441952 | Y83: 0.030724396 | Z83: 0.085138382 | AA83: 0.81667851 | AB83: 10.081109 | AC83: 3.1825604 | AD83: 0.076705933 | AE83: 1.3729536 | AF83: 4.2441764 | AG83: 6.0194607 | AH83: 4 | AI83: 2 | AJ83: 0 | AK83: 0 | AL83: 0.025974026 | AM83: 0.012987013 | AN83: 0 | AO83: 0 | AP83: 1 | AQ83: 1 | AR83: 1 | AS83: 0.04574094 | AT83: 1.2027469 | AU83: 0.16620021 | AV83: 2 | AW83: 2 | AX83: 0 | AY83: 0 | AZ83: 2 | BA83: 2 | BB83: 317 | BC83: 331 | BD83: Pass
A84: HumanEval/82 | B84: humaneval | C84: 0 | D84: baseline_deterministic | E84: TRUE | F84: FALSE | G84: {'type': None} | H84: def prime_length(string): """Write a function that takes a string and returns True if the string length is a prime number or False otherwise Examples prime_length('Hello') == True prime_length('abcdcba') == True prime_length('kittens') == True prime_length('orange') == False """ | I84: ```python import math def prime_length(string): n = len(string) if n < 2: return False for i in range(2, int(math.sqrt(n)) + 1): if n % i == 0: return False return True ``` | J84: import math def prime_length(string): n = len(string) if n < 2: return False for i in range(2, int(math.sqrt(n)) + 1): if n % i == 0: return False return True | K84: 64 | L84: 4.2283567 | M84: 0.077991964 | N84: 1.1006436 | O84: 9.5191431 | P84: 0.0625 | S84: 64 | T84: 0.077991964 | U84: 0.21533266 | V84: 1.2214567e-06 | W84: 1.1006436 | X84: 1.1006424 | Y84: 0.26941345 | Z84: 0.67387617 | AA84: 0.84686171 | AB84: 9.5191431 | AC84: 4.1984958 | AD84: 0.0625 | AE84: 0.0821875 | AF84: 1.1832381 | AG84: 3.230398 | AH84: 5 | AI84: 1 | AJ84: 0 | AK84: 0 | AL84: 0.078125 | AM84: 0.015625 | AN84: 0 | AO84: 0 | AP84: 2 | AQ84: 3 | AR84: 3 | AS84: 0.13191246 | AT84: 1.088073 | AU84: 0.29907032 | AV84: 1 | AW84: 1 | AX84: 0 | AY84: 0 | AZ84: 1 | BA84: 10 | BB84: 203 | BC84: 217 | BD84: Pass
A85: HumanEval/83 | B85: humaneval | C85: 0 | D85: baseline_deterministic | E85: FALSE | F85: TRUE | G85: {'type': 'RuntimeError', 'message': 'AssertionError', 'stderr_tail': 'Traceback (most recent call last):\n File "/tmp/tmpjwbbqskk/candidate_eval.py", line 34, in <module>\n check(starts_one_ends)\n File "/tmp/tmpjwbbqskk/candidate_eval.py", line 24, in check\n assert candidate(2) == 18\n ^^^^^^^^^^^^^^^^^^\nAssertionError\n', 'stdout_tail': ''} | H85: def starts_one_ends(n): """ Given a positive integer n, return the count of the numbers of n-digit positive integers that start or end with 1. """ | I85: ```python def starts_one_ends(n): if n == 1: return 1 else: return 2 * (10 ** (n - 1)) - 10 ** (n - 2) ``` | J85: def starts_one_ends(n): if n == 1: return 1 else: return 2 * (10 ** (n - 1)) - 10 ** (n - 2) | K85: 52 | L85: 3.408915 | M85: 0.088239544 | N85: 0.80013072 | O85: 8.2624977 | P85: 0.34943199 | Q85: RuntimeError | R85: AssertionError | S85: 52 | T85: 0.088239544 | U85: 0.19756688 | V85: 1.1501177e-06 | W85: 0.80013072 | X85: 0.80012957 | Y85: 0.39102638 | Z85: 0.53737587 | AA85: 0.77585614 | AB85: 8.2624977 | AC85: 4.0329172 | AD85: 0.34943199 | AE85: 0.59501385 | AF85: 1.6169751 | AG85: 2.3053984 | AH85: 3 | AI85: 0 | AJ85: 0 | AK85: 0 | AL85: 0.057692308 | AM85: 0 | AN85: 0 | AO85: 0 | AP85: 0 | AQ85: 0 | AR85: 1 | AS85: 0.1404347 | AT85: 0.7968654 | AU85: 0.2698724 | AV85: 1 | AW85: 0 | AX85: 0 | AY85: 0 | AZ85: 0 | BA85: 5 | BB85: 116 | BC85: 130 | BD85: Other_fail
A86: HumanEval/84 | B86: humaneval | C86: 0 | D86: baseline_deterministic | E86: TRUE | F86: FALSE | G86: {'type': None} | H86: def solve(N): """Given a positive integer N, return the total sum of its digits in binary. Example For N = 1000, the sum of digits will be 1 the output should be "1". For N = 150, the sum of digits will be 6 the output should be "110". For N = 147, the sum of digits will be 12 the output should be "1100". Variables: @N integer Constraints: 0 ≤ N ≤ 10000. Output: a string of binary number """ | I86: ```python def solve(N): return bin(sum(int(digit) for digit in str(N)))[2:] ``` | J86: def solve(N): return bin(sum(int(digit) for digit in str(N)))[2:] | K86: 26 | L86: 1.807558 | M86: 0.10619583 | N86: 0.963552 | O86: 8.4116044 | P86: 0.51988602 | S86: 26 | T86: 0.10619583 | U86: 0.25752999 | V86: 1.1898564e-05 | W86: 0.963552 | X86: 0.9635401 | Y86: 0.39115791 | Z86: 0.73701778 | AA86: 0.91721144 | AB86: 8.4116044 | AC86: 4.1095913 | AD86: 0.51988602 | AE86: 0.67897701 | AF86: 1.1700997 | AG86: 2.2620745 | AH86: 3 | AI86: 0 | AJ86: 0 | AK86: 0 | AL86: 0.11538462 | AM86: 0 | AN86: 0 | AO86: 0 | AP86: 0 | AQ86: 0 | AR86: 0 | AS86: 0.17970243 | AT86: 0.96142006 | AU86: 0.35160555 | AV86: 1 | AW86: 0 | AX86: 0 | AY86: 0 | AZ86: 0 | BA86: 2 | BB86: 69 | BC86: 83 | BD86: Pass
A87: HumanEval/85 | B87: humaneval | C87: 0 | D87: baseline_deterministic | E87: TRUE | F87: FALSE | G87: {'type': None} | H87: def add(lst): """Given a non-empty list of integers lst. add the even elements that are at odd indices.. Examples: add([4, 2, 6, 7]) ==> 2 """ | I87: ```python def add(lst): return sum(x for i, x in enumerate(lst) if i % 2 == 1 and x % 2 == 0) ``` | J87: def add(lst): return sum(x for i, x in enumerate(lst) if i % 2 == 1 and x % 2 == 0) | K87: 38 | L87: 2.5002495 | M87: 0.047036541 | N87: 0.6633656 | O87: 9.8847753 | P87: 1.2883511 | S87: 38 | T87: 0.047036541 | U87: 0.14378099 | V87: 5.5432947e-06 | W87: 0.6633656 | X87: 0.66336006 | Y87: 0.059574353 | Z87: 0.37608803 | AA87: 0.61160092 | AB87: 9.8847753 | AC87: 3.834537 | AD87: 1.2883511 | AE87: 1.4071299 | AF87: 3.25625 | AG87: 5.0428982 | AH87: 2 | AI87: 0 | AJ87: 0 | AK87: 0 | AL87: 0.052631579 | AM87: 0 | AN87: 0 | AO87: 0 | AP87: 0 | AQ87: 0 | AR87: 0 | AS87: 0.07568328 | AT87: 0.65923886 | AU87: 0.18272265 | AV87: 1 | AW87: 0 | AX87: 0 | AY87: 0 | AZ87: 0 | BA87: 2 | BB87: 87 | BC87: 101 | BD87: Pass
A88: HumanEval/86 | B88: humaneval | C88: 0 | D88: baseline_deterministic | E88: TRUE | F88: FALSE | G88: {'type': None} | H88: def anti_shuffle(s): """ Write a function that takes a string and returns an ordered version of it. Ordered version of string, is a string where all words (separated by space) are replaced by a new word where all the characters arranged in ascending order based on ascii value. Note: You should keep the order of words and blank spaces in the sentence. For example: anti_shuffle('Hi') returns 'Hi' anti_shuffle('hello') returns 'ehllo' anti_shuffle('Hello World!!!') returns 'Hello !!!Wdlor' """ | I88: ```python def anti_shuffle(s): return ' '.join([''.join(sorted(word)) for word in s.split(' ')]) ``` | J88: def anti_shuffle(s): return ' '.join([''.join(sorted(word)) for word in s.split(' ')]) | K88: 29 | L88: 2.0008312 | M88: 0.12797505 | N88: 0.85235864 | O88: 7.522605 | P88: 0.5 | S88: 29 | T88: 0.12797505 | U88: 0.23631559 | V88: 5.3112461e-05 | W88: 0.85235864 | X88: 0.85230553 | Y88: 0.42064738 | Z88: 0.68513316 | AA88: 0.82704978 | AB88: 7.522605 | AC88: 4.1275636 | AD88: 0.5 | AE88: 0.58670425 | AF88: 1.046022 | AG88: 2.0801136 | AH88: 3 | AI88: 0 | AJ88: 0 | AK88: 0 | AL88: 0.10344828 | AM88: 0 | AN88: 0 | AO88: 0 | AP88: 0 | AQ88: 0 | AR88: 0 | AS88: 0.20708934 | AT88: 0.84935173 | AU88: 0.33039274 | AV88: 1 | AW88: 0 | AX88: 0 | AY88: 0 | AZ88: 0 | BA88: 2 | BB88: 90 | BC88: 104 | BD88: Pass
A89: HumanEval/87 | B89: humaneval | C89: 0 | D89: baseline_deterministic | E89: FALSE | F89: TRUE | G89: {'type': 'RuntimeError', 'message': 'AssertionError', 'stderr_tail': 'Traceback (most recent call last):\n File "/tmp/tmptlgng214/candidate_eval.py", line 55, in <module>\n check(get_row)\n File "/tmp/tmptlgng214/candidate_eval.py", line 24, in check\n assert candidate([\n ^^^^^^^^^^^\nAssertionError\n', 'stdout_tail': ''} | H89: def get_row(lst, x): """ You are given a 2 dimensional data, as a nested lists, which is similar to matrix, however, unlike matrices, each row may contain a different number of columns. Given lst, and integer x, find integers x in the list, and return list of tuples, [(x1, y1), (x2, y2) ...] such that each tuple is a coordinate - (row, columns), starting with 0. Sort coordinates initially by rows in ascending order. Also, sort coordinates of the row by columns in descending order. Examples: get_row([ [1,2,3,4,5,6], [1,2,3,4,1,6], [1,2,3,4,5,1] ], 1) == [(0, 0), (1, 4), (1, 0), (2, 5), (2, 0)] get_row([], 1) == [] get_row([[], [1], [1, 2, 3]], 3) == [(2, 2)] """ | I89: ```python def get_row(lst, x): result = [] for i, row in enumerate(lst): for j, value in enumerate(row[::-1]): if value == x: result.append((i, len(row) - 1 - j)) return sorted(result) ``` | J89: def get_row(lst, x): result = [] for i, row in enumerate(lst): for j, value in enumerate(row[::-1]): if value == x: result.append((i, len(row) - 1 - j)) return sorted(result) | K89: 62 | L89: 4.4256652 | M89: 0.12964199 | N89: 1.0797032 | O89: 7.8874292 | P89: 0.3125 | Q89: RuntimeError | R89: AssertionError | S89: 62 | T89: 0.12964199 | U89: 0.2519111 | V89: 1.4227435e-05 | W89: 1.0797032 | X89: 1.079689 | Y89: 0.55101717 | Z89: 0.65309305 | AA89: 0.94195472 | AB89: 7.8874292 | AC89: 4.227739 | AD89: 0.3125 | AE89: 0.39568087 | AF89: 1.0154131 | AG89: 1.5865057 | AH89: 8 | AI89: 1 | AJ89: 0 | AK89: 0 | AL89: 0.12903226 | AM89: 0.016129032 | AN89: 0 | AO89: 0 | AP89: 0 | AQ89: 0 | AR89: 2 | AS89: 0.22322062 | AT89: 1.0795965 | AU89: 0.37434291 | AV89: 1 | AW89: 1 | AX89: 0 | AY89: 0 | AZ89: 1 | BA89: 7 | BB89: 222 | BC89: 236 | BD89: Other_fail
A90: HumanEval/88 | B90: humaneval | C90: 0 | D90: baseline_deterministic | E90: TRUE | F90: FALSE | G90: {'type': None} | H90: def sort_array(array): """ Given an array of non-negative integers, return a copy of the given array after sorting, you will sort the given array in ascending order if the sum( first index value, last index value) is odd, or sort it in descending order if the sum( first index value, last index value) is even. Note: * don't change the given array. Examples: * sort_array([]) => [] * sort_array([5]) => [5] * sort_array([2, 4, 3, 0, 1, 5]) => [0, 1, 2, 3, 4, 5] * sort_array([2, 4, 3, 0, 1, 5, 6]) => [6, 5, 4, 3, 2, 1, 0] """ | I90: ```python def sort_array(array): if not array: return [] sorted_array = array[:] if (sorted_array[0] + sorted_array[-1]) % 2 == 0: sorted_array.sort(reverse=True) else: sorted_array.sort() return sorted_array ``` | J90: def sort_array(array): if not array: return [] sorted_array = array[:] if (sorted_array[0] + sorted_array[-1]) % 2 == 0: sorted_array.sort(reverse=True) else: sorted_array.sort() return sorted_array | K90: 65 | L90: 4.4699222 | M90: 0.11763057 | N90: 1.4413109 | O90: 9.1352824 | P90: 0.029829025 | S90: 65 | T90: 0.11763057 | U90: 0.26687083 | V90: 1.6930765e-06 | W90: 1.4413109 | X90: 1.4413092 | Y90: 0.48727751 | Z90: 0.66470308 | AA90: 1.1140721 | AB90: 9.1352824 | AC90: 4.8135631 | AD90: 0.029829025 | AE90: 0.081647873 | AF90: 0.60738678 | AG90: 1.9332386 | AH90: 7 | AI90: 1 | AJ90: 0 | AK90: 0 | AL90: 0.10769231 | AM90: 0.015384615 | AN90: 0 | AO90: 1 | AP90: 1 | AQ90: 2 | AR90: 4 | AS90: 0.16759326 | AT90: 1.435555 | AU90: 0.33402883 | AV90: 2 | AW90: 1 | AX90: 0 | AY90: 0 | AZ90: 1 | BA90: 11 | BB90: 244 | BC90: 258 | BD90: Pass
A91: HumanEval/89 | B91: humaneval | C91: 0 | D91: baseline_deterministic | E91: TRUE | F91: FALSE | G91: {'type': None} | H91: def encrypt(s): """Create a function encrypt that takes a string as an argument and returns a string encrypted with the alphabet being rotated. The alphabet should be rotated in a manner such that the letters shift down by two multiplied to two places. For example: encrypt('hi') returns 'lm' encrypt('asdfghjkl') returns 'ewhjklnop' encrypt('gf') returns 'kj' encrypt('et') returns 'ix' """ | I91: ```python def encrypt(s): result = [] for char in s: if char.isalpha(): shift = (2 * 2) % 26 if char.islower(): result.append(chr((ord(char) - ord('a') + shift) % 26 + ord('a'))) else: result.append(chr((ord(char) - ord('A') + shift) % 26 + ord('A'))) else: result.append(char) return ''.join(result) ``` | J91: def encrypt(s): result = [] for char in s: if char.isalpha(): shift = (2 * 2) % 26 if char.islower(): result.append(chr((ord(char) - ord('a') + shift) % 26 + ord('a'))) else: result.append(chr((ord(char) - ord('A') + shift) % 26 + ord('A'))) else: result.append(char) return ''.join(result) | K91: 112 | L91: 7.4934385 | M91: 0.079846799 | N91: 1.382359 | O91: 10.052456 | P91: 0.34375 | S91: 112 | T91: 0.079846799 | U91: 0.26208731 | V91: 1.891354e-06 | W91: 1.382359 | X91: 1.3823571 | Y91: 0.088742751 | Z91: 0.81560098 | AA91: 1.2980362 | AB91: 10.052456 | AC91: 4.0342979 | AD91: 0.34375 | AE91: 0.5290625 | AF91: 1.4455258 | AG91: 4.0757103 | AH91: 7 | AI91: 3 | AJ91: 0 | AK91: 0 | AL91: 0.0625 | AM91: 0.026785714 | AN91: 0 | AO91: 0 | AP91: 0 | AQ91: 0 | AR91: 2 | AS91: 0.14647469 | AT91: 1.3822526 | AU91: 0.3741474 | AV91: 1 | AW91: 1 | AX91: 0 | AY91: 0 | AZ91: 1 | BA91: 12 | BB91: 398 | BC91: 412 | BD91: Pass
A92: HumanEval/90 | B92: humaneval | C92: 0 | D92: baseline_deterministic | E92: TRUE | F92: FALSE | G92: {'type': None} | H92: def next_smallest(lst): """ You are given a list of integers. Write a function next_smallest() that returns the 2nd smallest element of the list. Return None if there is no such element. next_smallest([1, 2, 3, 4, 5]) == 2 next_smallest([5, 1, 4, 3, 2]) == 2 next_smallest([]) == None next_smallest([1, 1]) == None """ | I92: ```python def next_smallest(lst): unique_lst = sorted(set(lst)) return unique_lst[1] if len(unique_lst) > 1 else None ``` | J92: def next_smallest(lst): unique_lst = sorted(set(lst)) return unique_lst[1] if len(unique_lst) > 1 else None | K92: 37 | L92: 2.5165898 | M92: 0.093430243 | N92: 1.6004291 | O92: 9.0432666 | P92: 0.03125 | S92: 37 | T92: 0.093430243 | U92: 0.29839407 | V92: 3.6286674e-06 | W92: 1.6004291 | X92: 1.6004254 | Y92: 0.1564287 | Z92: 0.56059468 | AA92: 1.3136085 | AB92: 9.0432666 | AC92: 3.9641202 | AD92: 0.03125 | AE92: 0.29306793 | AF92: 1.7994308 | AG92: 3.5894882 | AH92: 2 | AI92: 1 | AJ92: 1 | AK92: 0 | AL92: 0.054054054 | AM92: 0.027027027 | AN92: 0.027027027 | AO92: 1 | AP92: 1 | AQ92: 1 | AR92: 1 | AS92: 0.13708733 | AT92: 1.6003866 | AU92: 0.36400957 | AV92: 1 | AW92: 1 | AX92: 1 | AY92: 0 | AZ92: 1 | BA92: 3 | BB92: 115 | BC92: 129 | BD92: Pass
A93: HumanEval/91 | B93: humaneval | C93: 0 | D93: baseline_deterministic | E93: TRUE | F93: FALSE | G93: {'type': None} | H93: def is_bored(S): """ You'll be given a string of words, and your task is to count the number of boredoms. A boredom is a sentence that starts with the word "I". Sentences are delimited by '.', '?' or '!'. For example: >>> is_bored("Hello world") 0 >>> is_bored("The sky is blue. The sun is shining. I love this weather") 1 """ | I93: ```python import re def is_bored(S): sentences = re.split(r'[.?!]\s*', S) return sum(1 for sentence in sentences if sentence.startswith('I ')) ``` | J93: import re def is_bored(S): sentences = re.split(r'[.?!]\s*', S) return sum(1 for sentence in sentences if sentence.startswith('I ')) | K93: 43 | L93: 2.9151186 | M93: 0.13558335 | N93: 0.80581391 | O93: 7.3136068 | P93: 0.0625 | S93: 43 | T93: 0.13558335 | U93: 0.23724939 | V93: 5.2644746e-06 | W93: 0.80581391 | X93: 0.80580864 | Y93: 0.45661385 | Z93: 0.73269995 | AA93: 0.80343839 | AB93: 7.3136068 | AC93: 4.1551923 | AD93: 0.0625 | AE93: 0.4825 | AF93: 1.4305397 | AG93: 1.8065342 | AH93: 4 | AI93: 0 | AJ93: 0 | AK93: 0 | AL93: 0.093023256 | AM93: 0 | AN93: 0 | AO93: 0 | AP93: 1 | AQ93: 1 | AR93: 1 | AS93: 0.23058195 | AT93: 0.80255325 | AU93: 0.35006303 | AV93: 1 | AW93: 0 | AX93: 0 | AY93: 0 | AZ93: 0 | BA93: 5 | BB93: 141 | BC93: 155 | BD93: Pass
A94: HumanEval/92 | B94: humaneval | C94: 0 | D94: baseline_deterministic | E94: TRUE | F94: FALSE | G94: {'type': None} | H94: def any_int(x, y, z): ''' Create a function that takes 3 numbers. Returns true if one of the numbers is equal to the sum of the other two, and all numbers are integers. Returns false in any other cases. Examples any_int(5, 2, 7) ➞ True any_int(3, 2, 2) ➞ False any_int(3, -2, 1) ➞ True any_int(3.6, -2.2, 2) ➞ False ''' | I94: ```python def any_int(x, y, z): return (isinstance(x, int) and isinstance(y, int) and isinstance(z, int)) and ((x == y + z) or (y == x + z) or (z == x + y)) ``` | J94: def any_int(x, y, z): return (isinstance(x, int) and isinstance(y, int) and isinstance(z, int)) and ((x == y + z) or (y == x + z) or (z == x + y)) | K94: 59 | L94: 3.9868472 | M94: 0.073336208 | N94: 1.1500083 | O94: 9.6171036 | P94: 0.21875 | S94: 59 | T94: 0.073336208 | U94: 0.22633885 | V94: 1.8932499e-06 | W94: 1.1500083 | X94: 1.1500064 | Y94: 0.1207186 | Z94: 0.50927472 | AA94: 1.0756497 | AB94: 9.6171036 | AC94: 3.9357843 | AD94: 0.21875 | AE94: 0.4 | AF94: 1.6715897 | AG94: 3.7869324 | AH94: 3 | AI94: 2 | AJ94: 0 | AK94: 0 | AL94: 0.050847458 | AM94: 0.033898305 | AN94: 0 | AO94: 0 | AP94: 0 | AQ94: 1 | AR94: 1 | AS94: 0.12109724 | AT94: 1.1499932 | AU94: 0.3054344 | AV94: 1 | AW94: 1 | AX94: 0 | AY94: 0 | AZ94: 1 | BA94: 2 | BB94: 150 | BC94: 164 | BD94: Pass
A95: HumanEval/93 | B95: humaneval | C95: 0 | D95: baseline_deterministic | E95: FALSE | F95: TRUE | G95: {'type': 'RuntimeError', 'message': 'AssertionError: This prints if this assert fails 1 (good for debugging!)', 'stderr_tail': 'Traceback (most recent call last):\n File "/tmp/tmpiqkhrkzx/candidate_eval.py", line 33, in <module>\n check(encode)\n File "/tmp/tmpiqkhrkzx/candidate_eval.py", line 23, in check\n assert candidate(\'TEST\') == \'tgst\', "This prints if this assert fails 1 (good for debugging!)"\n ^^^^^^^^^^^^^^^^^^^^^^^^^^^\nAssertionError: This prints if this assert fails 1 (good for debugging!)\n', 'stdout_tail': ''} | H95: def encode(message): """ Write a function that takes a message, and encodes in such a way that it swaps case of all letters, replaces all vowels in the message with the letter that appears 2 places ahead of that vowel in the english alphabet. Assume only letters. Examples: >>> encode('test') 'TGST' >>> encode('This is a message') 'tHKS KS C MGSSCGG' """ | I95: ```python def encode(message): vowels = "aeiou" shifted_vowels = {v: chr((ord(v) - ord('a') + 2) % 26 + ord('a')) for v in vowels} shifted_vowels.update({v.upper(): shifted_vowels[v].upper() for v in vowels}) return ''.join(shifted_vowels.get(c.swapcase(), c) for c in message) ``` | J95: def encode(message): vowels = "aeiou" shifted_vowels = {v: chr((ord(v) - ord('a') + 2) % 26 + ord('a')) for v in vowels} shifted_vowels.update({v.upper(): shifted_vowels[v].upper() for v in vowels}) return ''.join(shifted_vowels.get(c.swapcase(), c) for c in message) | K95: 98 | L95: 6.5596257 | M95: 0.15121448 | N95: 2.0570812 | O95: 7.6787891 | P95: 0.046875 | Q95: RuntimeError | R95: AssertionError: This prints if this assert fails 1 (good for debugging!) | S95: 98 | T95: 0.15121448 | U95: 0.33307381 | V95: 4.1118146e-06 | W95: 2.0570812 | X95: 2.0570771 | Y95: 0.51905614 | Z95: 0.84694399 | AA95: 1.2215071 | AB95: 7.6787891 | AC95: 4.1054786 | AD95: 0.046875 | AE95: 0.18052641 | AF95: 0.91015635 | AG95: 2.0879263 | AH95: 11 | AI95: 4 | AJ95: 1 | AK95: 1 | AL95: 0.1122449 | AM95: 0.040816327 | AN95: 0.010204082 | AO95: 1 | AP95: 1 | AQ95: 2 | AR95: 3 | AS95: 0.2521385 | AT95: 2.0521634 | AU95: 0.48445266 | AV95: 1 | AW95: 1 | AX95: 1 | AY95: 1 | AZ95: 1 | BA95: 6 | BB95: 288 | BC95: 302 | BD95: Other_fail
A96: HumanEval/94 | B96: humaneval | C96: 0 | D96: baseline_deterministic | E96: FALSE | F96: TRUE | G96: {'type': 'RuntimeError', 'message': "NameError: name 'is_prime' is not defined. Did you mean: 'max_prime'?", 'stderr_tail': 'Traceback (most recent call last):\n File "/tmp/tmpdrm_cabc/candidate_eval.py", line 45, in <module>\n check(skjkasdkd)\n File "/tmp/tmpdrm_cabc/candidate_eval.py", line 23, in check\n assert candidate([0,3,2,1,3,5,7,4,5,5,5,2,181,32,4,32,3,2,32,324,4,3]) == 10, "This prints if this assert fails 1 (good for debugging!)"\n ^^^^^^^^^^^^^^^^^^^^^^^^^^^^^^^^^^^^^^^^^^^^^^^^^^^^^^^^^^^^^^^\n File "/tmp/tmpdrm_cabc/candidate_eval.py", line 16, in skjkasdkd\n if num > max_prime and is_prime(num):\n ^^^^^^^^\nNameError: name \'is_prime\' is not defined. Did you mean: \'max_prime\'?\n', 'stdout_tail': ''} | H96: def skjkasdkd(lst): """You are given a list of integers. You need to find the largest prime value and return the sum of its digits. Examples: For lst = [0,3,2,1,3,5,7,4,5,5,5,2,181,32,4,32,3,2,32,324,4,3] the output should be 10 For lst = [1,0,1,8,2,4597,2,1,3,40,1,2,1,2,4,2,5,1] the output should be 25 For lst = [1,3,1,32,5107,34,83278,109,163,23,2323,32,30,1,9,3] the output should be 13 For lst = [0,724,32,71,99,32,6,0,5,91,83,0,5,6] the output should be 11 For lst = [0,81,12,3,1,21] the output should be 3 For lst = [0,8,1,2,1,7] the output should be 7 """ | I96: ```python def is_prime(n): if n <= 1: return False for i in range(2, int(n**0.5) + 1): if n % i == 0: return False return True def skjkasdkd(lst): max_prime = 0 for num in lst: if num > max_prime and is_prime(num): max_prime = num return sum(int(digit) for digit in str(max_prime)) ``` | J96: def skjkasdkd(lst): max_prime = 0 for num in lst: if num > max_prime and is_prime(num): max_prime = num return sum(int(digit) for digit in str(max_prime)) | K96: 109 | L96: 7.6972393 | M96: 0.068586961 | N96: 1.0310944 | O96: 10.051958 | P96: 0.28266907 | Q96: RuntimeError | R96: NameError: name 'is_prime' is not defined. Did you mean: 'max_prime'? | S96: 109 | T96: 0.068586961 | U96: 0.18974036 | V96: 2.9832522e-06 | W96: 1.0310944 | X96: 1.0310914 | Y96: 0.26525035 | Z96: 0.5604513 | AA96: 0.74614328 | AB96: 10.051958 | AC96: 4.1494396 | AD96: 0.28266907 | AE96: 0.64335274 | AF96: 1.7431816 | AG96: 3.025 | AH96: 7 | AI96: 1 | AJ96: 0 | AK96: 0 | AL96: 0.064220183 | AM96: 0.0091743119 | AN96: 0 | AO96: 0 | AP96: 0 | AQ96: 0 | AR96: 1 | AS96: 0.11559839 | AT96: 1.0226792 | AU96: 0.25146259 | AV96: 2 | AW96: 1 | AX96: 0 | AY96: 0 | AZ96: 1 | BA96: 6 | BB96: 186 | BC96: 358 | BD96: Other_fail
A97: HumanEval/95 | B97: humaneval | C97: 0 | D97: baseline_deterministic | E97: FALSE | F97: TRUE | G97: {'type': 'RuntimeError', 'message': 'AssertionError: Third test error: True', 'stderr_tail': 'Traceback (most recent call last):\n File "/tmp/tmptghg0um3/candidate_eval.py", line 38, in <module>\n check(check_dict_case)\n File "/tmp/tmptghg0um3/candidate_eval.py", line 27, in check\n assert candidate({"p":"pineapple", 5:"banana", "a":"apple"}) == False, "Third test error: " + str(candidate({"p":"pineapple", 5:"banana", "a":"apple"}))\n ^^^^^^^^^^^^^^^^^^^^^^^^^^^^^^^^^^^^^^^^^^^^^^^^^^^^^^^^^^^^^^\nAssertionError: Third test error: True\n', 'stdout_tail': ''} | H97: def check_dict_case(dict): """ Given a dictionary, return True if all keys are strings in lower case or all keys are strings in upper case, else return False. The function should return False is the given dictionary is empty. Examples: check_dict_case({"a":"apple", "b":"banana"}) should return True. check_dict_case({"a":"apple", "A":"banana", "B":"banana"}) should return False. check_dict_case({"a":"apple", 8:"banana", "a":"apple"}) should return False. check_dict_case({"Name":"John", "Age":"36", "City":"Houston"}) should return False. check_dict_case({"STATE":"NC", "ZIP":"12345" }) should return True. """ | I97: ```python def check_dict_case(d): if not d: return False lower_keys = all(key.islower() for key in d if isinstance(key, str)) upper_keys = all(key.isupper() for key in d if isinstance(key, str)) return lower_keys or upper_keys ``` | J97: def check_dict_case(d): if not d: return False lower_keys = all(key.islower() for key in d if isinstance(key, str)) upper_keys = all(key.isupper() for key in d if isinstance(key, str)) return lower_keys or upper_keys | K97: 66 | L97: 4.5106164 | M97: 0.14198242 | N97: 1.4564307 | O97: 8.8525099 | P97: 0.078125 | Q97: RuntimeError | R97: AssertionError: Third test error: True | S97: 66 | T97: 0.14198242 | U97: 0.35498685 | V97: 2.8550674e-06 | W97: 1.4564307 | X97: 1.4564278 | Y97: 0.71784517 | Z97: 1.0566856 | AA97: 1.3942298 | AB97: 8.8525099 | AC97: 4.3038686 | AD97: 0.078125 | AE97: 0.078125 | AF97: 0.38671875 | AG97: 1.4055405 | AH97: 8 | AI97: 5 | AJ97: 0 | AK97: 0 | AL97: 0.12121212 | AM97: 0.075757576 | AN97: 0 | AO97: 0 | AP97: 2 | AQ97: 3 | AR97: 4 | AS97: 0.19340434 | AT97: 1.4556758 | AU97: 0.42691773 | AV97: 2 | AW97: 2 | AX97: 0 | AY97: 2 | AZ97: 2 | BA97: 8 | BB97: 242 | BC97: 256 | BD97: Other_fail
A98: HumanEval/96 | B98: humaneval | C98: 0 | D98: baseline_deterministic | E98: FALSE | F98: TRUE | G98: {'type': 'RuntimeError', 'message': "NameError: name 'is_prime' is not defined", 'stderr_tail': 'Traceback (most recent call last):\n File "/tmp/tmpi44ityrb/candidate_eval.py", line 35, in <module>\n check(count_up_to)\n File "/tmp/tmpi44ityrb/candidate_eval.py", line 22, in check\n assert candidate(5) == [2,3]\n ^^^^^^^^^^^^\n File "/tmp/tmpi44ityrb/candidate_eval.py", line 16, in count_up_to\n if is_prime(i):\n ^^^^^^^^\nNameError: name \'is_prime\' is not defined\n', 'stdout_tail': ''} | H98: def count_up_to(n): """Implement a function that takes an non-negative integer and returns an array of the first n integers that are prime numbers and less than n. for example: count_up_to(5) => [2,3] count_up_to(11) => [2,3,5,7] count_up_to(0) => [] count_up_to(20) => [2,3,5,7,11,13,17,19] count_up_to(1) => [] count_up_to(18) => [2,3,5,7,11,13,17] """ | I98: ```python def is_prime(num): if num <= 1: return False for i in range(2, int(num**0.5) + 1): if num % i == 0: return False return True def count_up_to(n): primes = [] for i in range(2, n): if is_prime(i): primes.append(i) return primes ``` | J98: def count_up_to(n): primes = [] for i in range(2, n): if is_prime(i): primes.append(i) return primes | K98: 92 | L98: 6.2348894 | M98: 0.067704656 | N98: 1.0215284 | O98: 10.350343 | P98: 0.082386017 | Q98: RuntimeError | R98: NameError: name 'is_prime' is not defined | S98: 92 | T98: 0.067704656 | U98: 0.20360586 | V98: 3.8358744e-06 | W98: 1.0215284 | X98: 1.0215245 | Y98: 0.083591069 | Z98: 0.62461063 | AA98: 0.87029782 | AB98: 10.350343 | AC98: 4.0567476 | AD98: 0.082386017 | AE98: 0.3047154 | AF98: 1.5776993 | AG98: 4.3542614 | AH98: 8 | AI98: 1 | AJ98: 0 | AK98: 0 | AL98: 0.086956522 | AM98: 0.010869565 | AN98: 0 | AO98: 0 | AP98: 1 | AQ98: 1 | AR98: 2 | AS98: 0.099715172 | AT98: 1.0213215 | AU98: 0.25293763 | AV98: 2 | AW98: 1 | AX98: 0 | AY98: 0 | AZ98: 1 | BA98: 6 | BB98: 132 | BC98: 312 | BD98: Other_fail
A99: HumanEval/97 | B99: humaneval | C99: 0 | D99: baseline_deterministic | E99: TRUE | F99: FALSE | G99: {'type': None} | H99: def multiply(a, b): """Complete the function that takes two integers and returns the product of their unit digits. Assume the input is always valid. Examples: multiply(148, 412) should return 16. multiply(19, 28) should return 72. multiply(2020, 1851) should return 0. multiply(14,-15) should return 20. """ | I99: ```python def multiply(a, b): return (a % 10) * (b % 10) ``` | J99: def multiply(a, b): return (a % 10) * (b % 10) | K99: 28 | L99: 1.9265666 | M99: 0.049201166 | N99: 0.80216998 | O99: 10.11389 | P99: 0.72301102 | S99: 28 | T99: 0.049201166 | U99: 0.15650543 | V99: 1.4978509e-06 | W99: 0.80216998 | X99: 0.80216848 | Y99: 0.097266751 | Z99: 0.20115755 | AA99: 0.65005475 | AB99: 10.11389 | AC99: 4.3605695 | AD99: 0.72301102 | AE99: 1.4145029 | AF99: 3.6057535 | AG99: 4.2438923 | AH99: 1 | AI99: 0 | AJ99: 0 | AK99: 0 | AL99: 0.035714286 | AM99: 0 | AN99: 0 | AO99: 0 | AP99: 0 | AQ99: 0 | AR99: 0 | AS99: 0.059880768 | AT99: 0.79915294 | AU99: 0.16668258 | AV99: 1 | AW99: 0 | AX99: 0 | AY99: 0 | AZ99: 0 | BA99: 2 | BB99: 50 | BC99: 64 | BD99: Pass
A100: HumanEval/98 | B100: humaneval | C100: 0 | D100: baseline_deterministic | E100: TRUE | F100: FALSE | G100: {'type': None} | H100: def count_upper(s): """ Given a string s, count the number of uppercase vowels in even indices. For example: count_upper('aBCdEf') returns 1 count_upper('abcdefg') returns 0 count_upper('dBBE') returns 0 """ | I100: ```python def count_upper(s): return sum(1 for i, c in enumerate(s) if i % 2 == 0 and c in 'AEIOU') ``` | J100: def count_upper(s): return sum(1 for i, c in enumerate(s) if i % 2 == 0 and c in 'AEIOU') | K100: 39 | L100: 2.5729501 | M100: 0.096030829 | N100: 0.96264303 | O100: 9.0838253 | P100: 0.96164894 | S100: 39 | T100: 0.096030829 | U100: 0.21983034 | V100: 1.6085859e-07 | W100: 0.96264303 | X100: 0.96264287 | Y100: 0.42406278 | Z100: 0.57610643 | AA100: 0.84521697 | AB100: 9.0838253 | AC100: 4.4079067 | AD100: 0.96164894 | AE100: 1.1824149 | AF100: 1.65 | AG100: 2.40625 | AH100: 4 | AI100: 0 | AJ100: 0 | AK100: 0 | AL100: 0.1025641 | AM100: 0 | AN100: 0 | AO100: 0 | AP100: 0 | AQ100: 0 | AR100: 0 | AS100: 0.14397352 | AT100: 0.95654367 | AU100: 0.28649897 | AV100: 1 | AW100: 0 | AX100: 0 | AY100: 0 | AZ100: 0 | BA100: 2 | BB100: 93 | BC100: 107 | BD100: Pass
A101: HumanEval/99 | B101: humaneval | C101: 0 | D101: baseline_deterministic | E101: TRUE | F101: FALSE | G101: {'type': None} | H101: def closest_integer(value): ''' Create a function that takes a value (string) representing a number and returns the closest integer to it. If the number is equidistant from two integers, round it away from zero. Examples >>> closest_integer("10") 10 >>> closest_integer("15.3") 15 Note: Rounding away from zero means that if the given number is equidistant from two integers, the one you should return is the one that is the farthest from zero. For example closest_integer("14.5") should return 15 and closest_integer("-14.5") should return -15. ''' | I101: ```python import math def closest_integer(value): num = float(value) if abs(num - round(num)) == 0.5: return int(math.copysign(math.ceil(abs(num)), num)) else: return round(num) ``` | J101: import math def closest_integer(value): num = float(value) if abs(num - round(num)) == 0.5: return int(math.copysign(math.ceil(abs(num)), num)) else: return round(num) | K101: 56 | L101: 3.8193974 | M101: 0.14995328 | N101: 1.2666341 | O101: 7.84564 | P101: 0.20170403 | S101: 56 | T101: 0.14995328 | U101: 0.30355656 | V101: 4.4158405e-05 | W101: 1.2666341 | X101: 1.2665899 | Y101: 0.64045191 | Z101: 0.80261914 | AA101: 1.2144205 | AB101: 7.84564 | AC101: 4.0006317 | AD101: 0.20170403 | AE101: 0.37436056 | AF101: 1.4094458 | AG101: 1.767046 | AH101: 8 | AI101: 2 | AJ101: 0 | AK101: 0 | AL101: 0.14285714 | AM101: 0.035714286 | AN101: 0 | AO101: 0 | AP101: 0 | AQ101: 1 | AR101: 1 | AS101: 0.2297704 | AT101: 1.2510891 | AU101: 0.39889031 | AV101: 2 | AW101: 1 | AX101: 0 | AY101: 0 | AZ101: 1 | BA101: 8 | BB101: 196 | BC101: 210 | BD101: Pass
A102: HumanEval/100 | B102: humaneval | C102: 0 | D102: baseline_deterministic | E102: TRUE | F102: FALSE | G102: {'type': None} | H102: def make_a_pile(n): """ Given a positive integer n, you have to make a pile of n levels of stones. The first level has n stones. The number of stones in the next level is: - the next odd number if n is odd. - the next even number if n is even. Return the number of stones in each level in a list, where element at index i represents the number of stones in the level (i+1). Examples: >>> make_a_pile(3) [3, 5, 7] """ | I102: ```python def make_a_pile(n): result = [] current_stones = n for _ in range(n): result.append(current_stones) if n % 2 == 0: current_stones += 2 else: current_stones += 2 return result ``` | J102: def make_a_pile(n): result = [] current_stones = n for _ in range(n): result.append(current_stones) if n % 2 == 0: current_stones += 2 else: current_stones += 2 return result | K102: 70 | L102: 4.7249488 | M102: 0.075442614 | N102: 1.6202223 | O102: 8.753937 | P102: 0.46875 | S102: 70 | T102: 0.075442614 | U102: 0.23416784 | V102: 8.741988e-07 | W102: 1.6202223 | X102: 1.6202215 | Y102: 0.14788646 | Z102: 0.38389042 | AA102: 1.0272657 | AB102: 8.753937 | AC102: 3.6688934 | AD102: 0.46875 | AE102: 0.65497135 | AF102: 2.1357942 | AG102: 3.7875011 | AH102: 3 | AI102: 1 | AJ102: 1 | AK102: 0 | AL102: 0.042857143 | AM102: 0.014285714 | AN102: 0.014285714 | AO102: 0 | AP102: 0 | AQ102: 0 | AR102: 1 | AS102: 0.12291886 | AT102: 1.6199135 | AU102: 0.32490662 | AV102: 1 | AW102: 1 | AX102: 1 | AY102: 0 | AZ102: 1 | BA102: 10 | BB102: 238 | BC102: 252 | BD102: Pass
A103: HumanEval/101 | B103: humaneval | C103: 0 | D103: baseline_deterministic | E103: TRUE | F103: FALSE | G103: {'type': None} | H103: def words_string(s): """ You will be given a string of words separated by commas or spaces. Your task is to split the string into words and return an array of the words. For example: words_string("Hi, my name is John") == ["Hi", "my", "name", "is", "John"] words_string("One, two, three, four, five, six") == ["One", "two", "three", "four", "five", "six"] """ | I103: ```python def words_string(s): return s.replace(',', ' ').split() ``` | J103: def words_string(s): return s.replace(',', ' ').split() | K103: 19 | L103: 1.330956 | M103: 0.14949332 | N103: 0.98530149 | O103: 7.1587923 | P103: 0.515625 | S103: 19 | T103: 0.14949332 | U103: 0.27490762 | V103: 0.00017345305 | W103: 0.98530149 | X103: 0.98512804 | Y103: 0.44427212 | Z103: 0.73687074 | AA103: 0.93561534 | AB103: 7.1587923 | AC103: 4.1349594 | AD103: 0.515625 | AE103: 0.53428974 | AF103: 0.60894871 | AG103: 1.9863636 | AH103: 2 | AI103: 0 | AJ103: 0 | AK103: 0 | AL103: 0.10526316 | AM103: 0 | AN103: 0 | AO103: 0 | AP103: 0 | AQ103: 0 | AR103: 0 | AS103: 0.17636213 | AT103: 0.98244091 | AU103: 0.33983137 | AV103: 1 | AW103: 0 | AX103: 0 | AY103: 0 | AZ103: 0 | BA103: 2 | BB103: 59 | BC103: 73 | BD103: Pass
...

Sheet mbpp
A1: task_id | B1: dataset | C1: sample | D1: method | E1: model_name | F1: passed | G1: error_type | H1: error_message | I1: stderr_tail | J1: stdout_tail | K1: prompt | L1: model_prompt | M1: entry_point | N1: raw_output | O1: code | P1: do_sample | Q1: temperature | R1: top_p | S1: prompt_tokens | T1: output_tokens | U1: tokens_per_second | V1: gen_time_s | W1: mean_entropy | X1: max_entropy | Y1: mean_margin | Z1: min_margin | AA1: entropy_mean | AB1: entropy_std | AC1: entropy_min | AD1: entropy_max | AE1: entropy_median | AF1: entropy_p75 | AG1: entropy_p90 | AH1: entropy_p95 | AI1: entropy_p99 | AJ1: margin_mean | AK1: margin_std | AL1: margin_min | AM1: margin_max | AN1: margin_median | AO1: margin_p05 | AP1: margin_p10 | AQ1: margin_p25 | AR1: entropy_count_gt_0_5 | AS1: entropy_count_gt_1_0 | AT1: entropy_count_gt_1_5 | AU1: entropy_count_gt_2_0 | AV1: entropy_frac_gt_0_5 | AW1: entropy_frac_gt_1_0 | AX1: entropy_frac_gt_1_5 | AY1: entropy_frac_gt_2_0 | AZ1: margin_count_lt_0_1 | BA1: margin_count_lt_0_25 | BB1: margin_count_lt_0_5 | BC1: margin_count_lt_1_0 | BD1: margin_frac_lt_0_1 | BE1: margin_frac_lt_0_25 | BF1: margin_frac_lt_0_5 | BG1: margin_frac_lt_1_0 | BH1: first_entropy_gt_1_0_t | BI1: first_entropy_gt_1_5_t | BJ1: first_entropy_gt_2_0_t | BK1: first_margin_lt_0_25_t | BL1: first_margin_lt_0_5_t | BM1: top10_entropy_tokens | BN1: top10_low_margin_tokens | BO1: prompt_chars | BP1: model_prompt_chars | BQ1: raw_output_chars | BR1: code_chars | BS1: code_lines | BT1: raw_output_lines | BU1: code_has_def | BV1: code_has_import | BW1: raw_output_has_markdown_fence | BX1: error | BY1: token_rows
A2: mbpp_11 | B2: mbpp | C2: 0 | D2: baseline_deterministic | E2: Qwen/Qwen2.5-Coder-7B-Instruct | F2: TRUE | K2: Write a python function to remove first and last occurrence of a given character from the string. | L2: <|im_start|>system You are an expert Python competitive programmer.<|im_end|> <|im_start|>user Solve the following Python programming task. Return only valid Python code. Do not use Markdown. Do not explain.Task:Write a python function to remove first and last occurrence of a given character from the string.Required tests include:assert remove_Occ("hello","l") == "heo"assert remove_Occ("abcda","a") == "bcd"assert remove_Occ("PHP","P") == "H"<|im_end|> <|im_start|>assistant | N2: ```python def remove_Occ(s, ch): # Find the index of the first occurrence of the character first_occurrence = s.find(ch) if first_occurrence != -1: # Remove the first occurrence by slicing the string s = s[:first_occurrence] + s[first_occurrence+1:] # Find the index of the last occurrence of the character last_occurrence = s.rfind(ch) if last_occurrence != -1: # Remove the last occurrence by slicing the string s = s[:last_occurrence] + s[last_occurrence+1:] return s # Test cases assert remove_Occ("hello", "l") == "heo" assert remove_Occ("abcda", "a") == "bcd" assert remove_Occ("PHP", "P") == "H" ``` | O2: def remove_Occ(s, ch): # Find the index of the first occurrence of the character first_occurrence = s.find(ch) if first_occurrence != -1: # Remove the first occurrence by slicing the string s = s[:first_occurrence] + s[first_occurrence+1:] # Find the index of the last occurrence of the character last_occurrence = s.rfind(ch) if last_occurrence != -1: # Remove the last occurrence by slicing the string s = s[:last_occurrence] + s[last_occurrence+1:] return s # Test cases assert remove_Occ("hello", "l") == "heo" assert remove_Occ("abcda", "a") == "bcd" assert remove_Occ("PHP", "P") == "H" | P2: FALSE | S2: 107 | T2: 188 | U2: 2.3607319 | V2: 79.636318 | W2: 0.11809361 | X2: 2.4715543 | Y2: 8.4939333 | Z2: 0.0099430084 | AA2: 0.11809361 | AB2: 0.33031998 | AC2: 4.0930222e-06 | AD2: 2.4715543 | AE2: 0.0024174871 | AF2: 0.029696079 | AG2: 0.49256529 | AH2: 0.74114142 | AI2: 1.5357642 | AJ2: 8.4939333 | AK2: 3.8324816 | AL2: 0.0099430084 | AM2: 16.539062 | AN2: 9.078125 | AO2: 1.0719455 | AP2: 2.1117897 | AQ2: 6.1321034 | AR2: 18 | AS2: 5 | AT2: 2 | AU2: 2 | AV2: 0.095744681 | AW2: 0.026595745 | AX2: 0.010638298 | AY2: 0.010638298 | AZ2: 4 | BA2: 4 | BB2: 6 | BC2: 9 | BD2: 0.021276596 | BE2: 0.021276596 | BF2: 0.031914894 | BG2: 0.04787234 | BH2: 7 | BI2: 7 | BJ2: 7 | BK2: 7 | BL2: 7 | BM2: t=25|entropy=2.4716|tok=' first' ; t=7|entropy=2.0831|tok='(s' ; t=12|entropy=1.4540|tok=' #' ; t=9|entropy=1.2003|tok=' ch' ; t=26|entropy=1.0201|tok='_occ' ; t=21|entropy=0.9412|tok=' the' ; t=13|entropy=0.9103|tok=' Find' ; t=51|entropy=0.8400|tok=' the' ; t=49|entropy=0.8053|tok=' by' ; t=0|entropy=0.7481|tok='```' | BN2: t=35|margin=0.0099|tok=' if' ; t=7|margin=0.0469|tok='(s' ; t=74|margin=0.0497|tok=' Find' ; t=49|margin=0.0625|tok=' by' ; t=51|margin=0.2557|tok=' the' ; t=26|margin=0.3438|tok='_occ' ; t=33|margin=0.7401|tok=' \\n' ; t=186|margin=0.9531|tok='```' ; t=21|margin=0.9943|tok=' the' ; t=9|margin=1.0625|tok=' ch' | BO2: 97 | BP2: 478 | BQ2: 687 | BR2: 673 | BS2: 21 | BT2: 23 | BU2: TRUE | BV2: FALSE | BW2: TRUE | BX2: {'type': None} | BY2: 188
A3: mbpp_12 | B3: mbpp | C3: 0 | D3: baseline_deterministic | E3: Qwen/Qwen2.5-Coder-7B-Instruct | F3: TRUE | K3: Write a function to sort a given matrix in ascending order according to the sum of its rows. | L3: <|im_start|>system You are an expert Python competitive programmer.<|im_end|> <|im_start|>user Solve the following Python programming task. Return only valid Python code. Do not use Markdown. Do not explain.Task:Write a function to sort a given matrix in ascending order according to the sum of its rows.Required tests include:assert sort_matrix([[1, 2, 3], [2, 4, 5], [1, 1, 1]])==[[1, 1, 1], [1, 2, 3], [2, 4, 5]]assert sort_matrix([[1, 2, 3], [-2, 4, -5], [1, -1, 1]])==[[-2, 4, -5], [1, -1, 1], [1, 2, 3]]assert sort_matrix([[5,8,9],[6,4,3],[2,1,4]])==[[2, 1, 4], [6, 4, 3], [5, 8, 9]]<|im_end|> <|im_start|>assistant | N3: ```python def sort_matrix(matrix): # Sort the matrix based on the sum of each row return sorted(matrix, key=sum) ``` | O3: def sort_matrix(matrix): # Sort the matrix based on the sum of each row return sorted(matrix, key=sum) | P3: FALSE | S3: 234 | T3: 31 | U3: 2.3344653 | V3: 13.279272 | W3: 0.26428469 | X3: 1.6435037 | Y3: 6.3271629 | Z3: 0.375 | AA3: 0.26428469 | AB3: 0.42729435 | AC3: 2.0057576e-05 | AD3: 1.6435037 | AE3: 0.026280997 | AF3: 0.38158265 | AG3: 0.78110844 | AH3: 1.1551843 | AI3: 1.5360223 | AJ3: 6.3271629 | AK3: 4.5557551 | AL3: 0.375 | AM3: 15.710938 | AN3: 5.921875 | AO3: 0.47514153 | AP3: 0.875 | AQ3: 2.1171875 | AR3: 7 | AS3: 3 | AT3: 1 | AU3: 0 | AV3: 0.22580645 | AW3: 0.096774194 | AX3: 0.032258065 | AY3: 0 | AZ3: 0 | BA3: 0 | BB3: 2 | BC3: 6 | BD3: 0 | BE3: 0 | BF3: 0.064516129 | BG3: 0.19354839 | BH3: 6 | BI3: 6 | BL3: 0 | BM3: t=6|entropy=1.6435|tok='(matrix' ; t=18|entropy=1.2852|tok=' each' ; t=20|entropy=1.0251|tok='\\n' ; t=0|entropy=0.7811|tok='```' ; t=9|entropy=0.6777|tok=' #' ; t=27|entropy=0.6267|tok='=sum' ; t=22|entropy=0.6183|tok=' return' ; t=28|entropy=0.4233|tok=')\\n' ; t=7|entropy=0.3398|tok='):\\n' ; t=29|entropy=0.1818|tok='```' | BN3: t=6|margin=0.3750|tok='(matrix' ; t=0|margin=0.4219|tok='```' ; t=18|margin=0.5284|tok=' each' ; t=27|margin=0.8750|tok='=sum' ; t=20|margin=0.8963|tok='\\n' ; t=9|margin=0.9062|tok=' #' ; t=22|margin=1.6562|tok=' return' ; t=28|margin=1.7656|tok=')\\n' ; t=7|margin=2.4688|tok='):\\n' ; t=10|margin=3.2969|tok=' Sort' | BO3: 92 | BP3: 622 | BQ3: 124 | BR3: 110 | BS3: 3 | BT3: 5 | BU3: TRUE | BV3: FALSE | BW3: TRUE | BX3: {'type': None} | BY3: 31
A4: mbpp_14 | B4: mbpp | C4: 0 | D4: baseline_deterministic | E4: Qwen/Qwen2.5-Coder-7B-Instruct | F4: TRUE | K4: Write a python function to find the volume of a triangular prism. | L4: <|im_start|>system You are an expert Python competitive programmer.<|im_end|> <|im_start|>user Solve the following Python programming task. Return only valid Python code. Do not use Markdown. Do not explain.Task:Write a python function to find the volume of a triangular prism.Required tests include:assert find_Volume(10,8,6) == 240assert find_Volume(3,2,2) == 6assert find_Volume(1,2,1) == 1<|im_end|> <|im_start|>assistant | N4: ```python def find_Volume(base, height, length): # Calculate the area of the triangular base base_area = (base * height) / 2 # Calculate the volume of the triangular prism volume = base_area * length return volume # Test cases assert find_Volume(10, 8, 6) == 240 assert find_Volume(3, 2, 2) == 6 assert find_Volume(1, 2, 1) == 1 ``` | O4: def find_Volume(base, height, length): # Calculate the area of the triangular base base_area = (base * height) / 2 # Calculate the volume of the triangular prism volume = base_area * length return volume # Test cases assert find_Volume(10, 8, 6) == 240 assert find_Volume(3, 2, 2) == 6 assert find_Volume(1, 2, 1) == 1 | P4: FALSE | S4: 106 | T4: 118 | U4: 2.3614826 | V4: 49.968608 | W4: 0.096340523 | X4: 1.3008493 | Y4: 9.3045195 | Z4: 0 | AA4: 0.096340523 | AB4: 0.23064756 | AC4: 1.8050478e-06 | AD4: 1.3008493 | AE4: 0.00072745507 | AF4: 0.030825402 | AG4: 0.36814061 | AH4: 0.63942404 | AI4: 1.0808728 | AJ4: 9.3045195 | AK4: 4.4592143 | AL4: 0 | AM4: 17.398438 | AN4: 10.578126 | AO4: 1.0426141 | AP4: 2.2558249 | AQ4: 5.7425427 | AR4: 9 | AS4: 2 | AT4: 0 | AU4: 0 | AV4: 0.076271186 | AW4: 0.016949153 | AX4: 0 | AY4: 0 | AZ4: 1 | BA4: 1 | BB4: 2 | BC4: 6 | BD4: 0.0084745763 | BE4: 0.0084745763 | BF4: 0.016949153 | BG4: 0.050847458 | BH4: 7 | BK4: 7 | BL4: 7 | BM4: t=7|entropy=1.3008|tok='(base' ; t=24|entropy=1.1421|tok=' base' ; t=14|entropy=0.7818|tok=' #' ; t=47|entropy=0.7094|tok=' volume' ; t=0|entropy=0.6888|tok='```' ; t=43|entropy=0.6668|tok=' triangular' ; t=35|entropy=0.6346|tok='\\n' ; t=57|entropy=0.6039|tok='\\n\\n' ; t=41|entropy=0.5997|tok=' of' ; t=11|entropy=0.4599|tok=' length' | BN4: t=7|margin=0.0000|tok='(base' ; t=14|margin=0.3438|tok=' #' ; t=43|margin=0.8097|tok=' triangular' ; t=35|margin=0.8835|tok='\\n' ; t=0|margin=0.9062|tok='```' ; t=57|margin=0.9219|tok='\\n\\n' ; t=41|margin=1.0639|tok=' of' ; t=47|margin=1.2159|tok=' volume' ; t=24|margin=1.4205|tok=' base' ; t=11|margin=1.6562|tok=' length' | BO4: 65 | BP4: 426 | BQ4: 353 | BR4: 339 | BS4: 11 | BT4: 13 | BU4: TRUE | BV4: FALSE | BW4: TRUE | BX4: {'type': None} | BY4: 118
A5: mbpp_16 | B5: mbpp | C5: 0 | D5: baseline_deterministic | E5: Qwen/Qwen2.5-Coder-7B-Instruct | F5: TRUE | K5: Write a function to that returns true if the input string contains sequences of lowercase letters joined with an underscore and false otherwise. | L5: <|im_start|>system You are an expert Python competitive programmer.<|im_end|> <|im_start|>user Solve the following Python programming task. Return only valid Python code. Do not use Markdown. Do not explain.Task:Write a function to that returns true if the input string contains sequences of lowercase letters joined with an underscore and false otherwise.Required tests include:assert text_lowercase_underscore("aab_cbbbc")==(True)assert text_lowercase_underscore("aab_Abbbc")==(False)assert text_lowercase_underscore("Aaab_abbbc")==(False)<|im_end|> <|im_start|>assistant | N5: ```python import re def text_lowercase_underscore(text): # Regular expression pattern to match sequences of lowercase letters joined with an underscore pattern = '^[a-z]+_[a-z]+$' # Check if the input text matches the pattern return bool(re.match(pattern, text)) ``` | O5: import re def text_lowercase_underscore(text): # Regular expression pattern to match sequences of lowercase letters joined with an underscore pattern = '^[a-z]+_[a-z]+$' # Check if the input text matches the pattern return bool(re.match(pattern, text)) | P5: FALSE | S5: 114 | T5: 65 | U5: 2.3627697 | V5: 27.510087 | W5: 0.22588278 | X5: 1.5298171 | Y5: 6.9338617 | Z5: 0.13920593 | AA5: 0.22588278 | AB5: 0.35838544 | AC5: 1.4916466e-05 | AD5: 1.5298171 | AE5: 0.0090084318 | AF5: 0.37146553 | AG5: 0.71554842 | AH5: 1.0335813 | AI5: 1.3108936 | AJ5: 6.9338617 | AK5: 4.5402206 | AL5: 0.13920593 | AM5: 14.890625 | AN5: 7.306818 | AO5: 0.29829445 | AP5: 0.99005775 | AQ5: 2.3948879 | AR5: 14 | AS5: 4 | AT5: 1 | AU5: 0 | AV5: 0.21538462 | AW5: 0.061538462 | AX5: 0.015384615 | AY5: 0 | AZ5: 0 | BA5: 3 | BB5: 5 | BC5: 7 | BD5: 0 | BE5: 0.046153846 | BF5: 0.076923077 | BG5: 0.10769231 | BH5: 15 | BI5: 15 | BK5: 15 | BL5: 15 | BM5: t=15|entropy=1.5298|tok=' Regular' ; t=48|entropy=1.1877|tok=' input' ; t=20|entropy=1.1157|tok=' sequences' ; t=45|entropy=1.0818|tok=' Check' ; t=11|entropy=0.8407|tok='(text' ; t=14|entropy=0.7666|tok=' #' ; t=55|entropy=0.7167|tok=' return' ; t=18|entropy=0.7139|tok=' to' ; t=17|entropy=0.6932|tok=' pattern' ; t=25|entropy=0.5880|tok=' with' | BN5: t=18|margin=0.1392|tok=' to' ; t=55|margin=0.1662|tok=' return' ; t=15|margin=0.1875|tok=' Regular' ; t=17|margin=0.2983|tok=' pattern' ; t=48|margin=0.2983|tok=' input' ; t=20|margin=0.8097|tok=' sequences' ; t=25|margin=0.9730|tok=' with' ; t=14|margin=1.0156|tok=' #' ; t=45|margin=1.0312|tok=' Check' ; t=42|margin=1.0639|tok=' \\n' | BO5: 144 | BP5: 574 | BQ5: 288 | BR5: 274 | BS5: 8 | BT5: 10 | BU5: TRUE | BV5: TRUE | BW5: TRUE | BX5: {'type': None} | BY5: 65
A6: mbpp_17 | B6: mbpp | C6: 0 | D6: baseline_deterministic | E6: Qwen/Qwen2.5-Coder-7B-Instruct | F6: TRUE | K6: Write a function that returns the perimeter of a square given its side length as input. | L6: <|im_start|>system You are an expert Python competitive programmer.<|im_end|> <|im_start|>user Solve the following Python programming task. Return only valid Python code. Do not use Markdown. Do not explain.Task:Write a function that returns the perimeter of a square given its side length as input.Required tests include:assert square_perimeter(10)==40assert square_perimeter(5)==20assert square_perimeter(4)==16<|im_end|> <|im_start|>assistant | N6: ```python def square_perimeter(side_length): return 4 * side_length # Test cases assert square_perimeter(10) == 40 assert square_perimeter(5) == 20 assert square_perimeter(4) == 16 ``` | O6: def square_perimeter(side_length): return 4 * side_length # Test cases assert square_perimeter(10) == 40 assert square_perimeter(5) == 20 assert square_perimeter(4) == 16 | P6: FALSE | S6: 93 | T6: 61 | U6: 2.3625485 | V6: 25.819576 | W6: 0.055771767 | X6: 0.81454331 | Y6: 10.189189 | Z6: 0.03125 | AA6: 0.055771767 | AB6: 0.16080043 | AC6: 4.9736309e-06 | AD6: 0.81454331 | AE6: 0.00038089519 | AF6: 0.0044057956 | AG6: 0.10709756 | AH6: 0.47756788 | AI6: 0.69034755 | AJ6: 10.189189 | AK6: 4.0635578 | AL6: 0.03125 | AM6: 16.171875 | AN6: 11.252842 | AO6: 1.640625 | AP6: 4.34375 | AQ6: 7.9303989 | AR6: 3 | AS6: 0 | AT6: 0 | AU6: 0 | AV6: 0.049180328 | AW6: 0 | AX6: 0 | AY6: 0 | AZ6: 1 | BA6: 1 | BB6: 1 | BC6: 2 | BD6: 0.016393443 | BE6: 0.016393443 | BF6: 0.016393443 | BG6: 0.032786885 | BK6: 0 | BL6: 0 | BM6: t=0|entropy=0.8145|tok='```' ; t=17|entropy=0.6076|tok='\\n\\n' ; t=10|entropy=0.5029|tok=' ' ; t=8|entropy=0.4776|tok='_length' ; t=11|entropy=0.3964|tok=' return' ; t=7|entropy=0.2128|tok='(side' ; t=19|entropy=0.1071|tok=' Test' ; t=9|entropy=0.0859|tok='):\\n' ; t=21|entropy=0.0540|tok='\\n' ; t=59|entropy=0.0383|tok='```' | BN6: t=0|margin=0.0312|tok='```' ; t=17|margin=0.8949|tok='\\n\\n' ; t=10|margin=1.4062|tok=' ' ; t=8|margin=1.6406|tok='_length' ; t=11|margin=1.8906|tok=' return' ; t=7|margin=4.0156|tok='(side' ; t=19|margin=4.3438|tok=' Test' ; t=9|margin=4.6406|tok='):\\n' ; t=21|margin=4.8807|tok='\\n' ; t=59|margin=5.0795|tok='```' | BO6: 87 | BP6: 446 | BQ6: 189 | BR6: 175 | BS6: 7 | BT6: 9 | BU6: TRUE | BV6: FALSE | BW6: TRUE | BX6: {'type': None} | BY6: 61
A7: mbpp_18 | B7: mbpp | C7: 0 | D7: baseline_deterministic | E7: Qwen/Qwen2.5-Coder-7B-Instruct | F7: TRUE | K7: Write a function to remove characters from the first string which are present in the second string. | L7: <|im_start|>system You are an expert Python competitive programmer.<|im_end|> <|im_start|>user Solve the following Python programming task. Return only valid Python code. Do not use Markdown. Do not explain.Task:Write a function to remove characters from the first string which are present in the second string.Required tests include:assert remove_dirty_chars("probasscurve", "pros") == 'bacuve'assert remove_dirty_chars("digitalindia", "talent") == 'digiidi'assert remove_dirty_chars("exoticmiles", "toxic") == 'emles'<|im_end|> <|im_start|>assistant | N7: ```python def remove_dirty_chars(str1, str2): # Create a set of characters to be removed for faster lookup chars_to_remove = set(str2) # Use list comprehension to filter out unwanted characters result = ''.join([char for char in str1 if char not in chars_to_remove]) return result # Test cases assert remove_dirty_chars("probasscurve", "pros") == 'bacuve' assert remove_dirty_chars("digitalindia", "talent") == 'digiidi' assert remove_dirty_chars("exoticmiles", "toxic") == 'emles' ``` | O7: def remove_dirty_chars(str1, str2): # Create a set of characters to be removed for faster lookup chars_to_remove = set(str2) # Use list comprehension to filter out unwanted characters result = ''.join([char for char in str1 if char not in chars_to_remove]) return result # Test cases assert remove_dirty_chars("probasscurve", "pros") == 'bacuve' assert remove_dirty_chars("digitalindia", "talent") == 'digiidi' assert remove_dirty_chars("exoticmiles", "toxic") == 'emles' | P7: FALSE | S7: 122 | T7: 135 | U7: 2.3548124 | V7: 57.329408 | W7: 0.14037783 | X7: 1.799686 | Y7: 8.382087 | Z7: 0.515625 | AA7: 0.14037783 | AB7: 0.31983576 | AC7: 9.8434884e-06 | AD7: 1.799686 | AE7: 0.001436239 | AF7: 0.044429576 | AG7: 0.58203832 | AH7: 0.88436056 | AI7: 1.354101 | AJ7: 8.382087 | AK7: 4.1384474 | AL7: 0.515625 | AM7: 15.25 | AN7: 9.734375 | AO7: 0.96605129 | AP7: 1.559375 | AQ7: 5.396307 | AR7: 16 | AS7: 5 | AT7: 1 | AU7: 0 | AV7: 0.11851852 | AW7: 0.037037037 | AX7: 0.0074074074 | AY7: 0 | AZ7: 0 | BA7: 0 | BB7: 0 | BC7: 8 | BD7: 0 | BE7: 0 | BF7: 0 | BG7: 0.059259259 | BH7: 7 | BI7: 28 | BM7: t=28|entropy=1.7997|tok=' chars' ; t=14|entropy=1.4013|tok=' #' ; t=7|entropy=1.2625|tok='(str' ; t=24|entropy=1.1782|tok=' faster' ; t=49|entropy=1.1167|tok=' result' ; t=15|entropy=0.9155|tok=' Create' ; t=20|entropy=0.9137|tok=' to' ; t=39|entropy=0.8718|tok=' Use' ; t=45|entropy=0.7585|tok=' unwanted' ; t=43|entropy=0.7021|tok=' filter' | BN7: t=7|margin=0.5156|tok='(str' ; t=28|margin=0.5810|tok=' chars' ; t=39|margin=0.5938|tok=' Use' ; t=45|margin=0.6151|tok=' unwanted' ; t=72|margin=0.8707|tok='\\n\\n' ; t=36|margin=0.9219|tok=' \\n' ; t=20|margin=0.9233|tok=' to' ; t=24|margin=0.9844|tok=' faster' ; t=47|margin=1.0540|tok='\\n' ; t=0|margin=1.0781|tok='```' | BO7: 99 | BP7: 552 | BQ7: 516 | BR7: 502 | BS7: 13 | BT7: 15 | BU7: TRUE | BV7: FALSE | BW7: TRUE | BX7: {'type': None} | BY7: 135
A8: mbpp_19 | B8: mbpp | C8: 0 | D8: baseline_deterministic | E8: Qwen/Qwen2.5-Coder-7B-Instruct | F8: TRUE | K8: Write a function to find whether a given array of integers contains any duplicate element. | L8: <|im_start|>system You are an expert Python competitive programmer.<|im_end|> <|im_start|>user Solve the following Python programming task. Return only valid Python code. Do not use Markdown. Do not explain.Task:Write a function to find whether a given array of integers contains any duplicate element.Required tests include:assert test_duplicate(([1,2,3,4,5]))==Falseassert test_duplicate(([1,2,3,4, 4]))==Trueassert test_duplicate([1,1,2,2,3,3,4,4,5])==True<|im_end|> <|im_start|>assistant | N8: ```python def test_duplicate(nums): # Convert the list to a set to remove duplicates and compare lengths return len(nums) != len(set(nums)) ``` | O8: def test_duplicate(nums): # Convert the list to a set to remove duplicates and compare lengths return len(nums) != len(set(nums)) | P8: FALSE | S8: 120 | T8: 35 | U8: 2.3540124 | V8: 14.868231 | W8: 0.2244206 | X8: 1.2165968 | Y8: 6.1263598 | Z8: 0.13210297 | AA8: 0.2244206 | AB8: 0.35045864 | AC8: 3.2722954e-05 | AD8: 1.2165968 | AE8: 0.024057157 | AF8: 0.28838693 | AG8: 0.69958898 | AH8: 0.99579344 | AI8: 1.1898164 | AJ8: 6.1263598 | AK8: 4.1171172 | AL8: 0.13210297 | AM8: 15.507812 | AN8: 5.96875 | AO8: 0.6453125 | AP8: 0.87130775 | AQ8: 2.4410515 | AR8: 8 | AS8: 2 | AT8: 0 | AU8: 0 | AV8: 0.22857143 | AW8: 0.057142857 | AX8: 0 | AY8: 0 | AZ8: 0 | BA8: 1 | BB8: 2 | BC8: 5 | BD8: 0 | BE8: 0.028571429 | BF8: 0.057142857 | BG8: 0.14285714 | BH8: 9 | BK8: 26 | BL8: 9 | BM8: t=9|entropy=1.2166|tok=' #' ; t=10|entropy=1.1378|tok=' Convert' ; t=6|entropy=0.9349|tok='(nums' ; t=26|entropy=0.7269|tok='(nums' ; t=0|entropy=0.6586|tok='```' ; t=32|entropy=0.6223|tok='))\\n' ; t=16|entropy=0.6171|tok=' to' ; t=21|entropy=0.5110|tok=' lengths' ; t=11|entropy=0.3515|tok=' the' ; t=28|entropy=0.2252|tok=' !=' | BN8: t=26|margin=0.1321|tok='(nums' ; t=9|margin=0.3281|tok=' #' ; t=10|margin=0.7812|tok=' Convert' ; t=16|margin=0.8480|tok=' to' ; t=32|margin=0.9062|tok='))\\n' ; t=6|margin=1.0469|tok='(nums' ; t=0|margin=1.2656|tok='```' ; t=21|margin=1.4219|tok=' lengths' ; t=11|margin=2.1165|tok=' the' ; t=28|margin=2.7656|tok=' !=' | BO8: 90 | BP8: 492 | BQ8: 151 | BR8: 137 | BS8: 3 | BT8: 5 | BU8: TRUE | BV8: FALSE | BW8: TRUE | BX8: {'type': None} | BY8: 35
A9: mbpp_20 | B9: mbpp | C9: 0 | D9: baseline_deterministic | E9: Qwen/Qwen2.5-Coder-7B-Instruct | F9: FALSE | G9: RuntimeError | H9: AssertionError | I9: Traceback (most recent call last): File "/tmp/tmpchf04fnm/candidate_eval.py", line 11, in <module> assert is_woodall(383) == True ^^^^^^^^^^^^^^^^^^^^^^^ AssertionError | K9: Write a function to check if the given number is woodball or not. | L9: <|im_start|>system You are an expert Python competitive programmer.<|im_end|> <|im_start|>user Solve the following Python programming task. Return only valid Python code. Do not use Markdown. Do not explain.Task:Write a function to check if the given number is woodball or not.Required tests include:assert is_woodall(383) == Trueassert is_woodall(254) == Falseassert is_woodall(200) == False<|im_end|> <|im_start|>assistant | N9: ```python def is_woodall(n): if n <= 1: return False k = 0 while (n + 1) % (k + 1) == 0 and (n + 1) // (k + 1) == 2 ** k: n = (n + 1) // (k + 1) k += 1 return n == 1 # Test cases assert is_woodall(383) == True assert is_woodall(254) == False assert is_woodall(200) == False ``` | O9: def is_woodall(n): if n <= 1: return False k = 0 while (n + 1) % (k + 1) == 0 and (n + 1) // (k + 1) == 2 ** k: n = (n + 1) // (k + 1) k += 1 return n == 1 # Test cases assert is_woodall(383) == True assert is_woodall(254) == False assert is_woodall(200) == False | P9: FALSE | S9: 99 | T9: 139 | U9: 2.361447 | V9: 58.862215 | W9: 0.19428393 | X9: 2.3966475 | Y9: 7.3360503 | Z9: 0.0028419495 | AA9: 0.19428393 | AB9: 0.38420129 | AC9: 1.4274146e-05 | AD9: 2.3966475 | AE9: 0.005555246 | AF9: 0.18322691 | AG9: 0.68002615 | AH9: 1.0719627 | AI9: 1.4686205 | AJ9: 7.3360503 | AK9: 4.3084459 | AL9: 0.0028419495 | AM9: 15.170455 | AN9: 7.869318 | AO9: 0.43650494 | AP9: 0.9988636 | AQ9: 3.319603 | AR9: 21 | AS9: 8 | AT9: 1 | AU9: 1 | AV9: 0.15107914 | AW9: 0.057553957 | AX9: 0.0071942446 | AY9: 0.0071942446 | AZ9: 3 | BA9: 4 | BB9: 9 | BC9: 14 | BD9: 0.021582734 | BE9: 0.028776978 | BF9: 0.064748201 | BG9: 0.10071942 | BH9: 11 | BI9: 22 | BJ9: 22 | BK9: 13 | BL9: 11 | BM9: t=22|entropy=2.3966|tok=' k' ; t=59|entropy=1.4940|tok=' ==' ; t=31|entropy=1.4272|tok=' +' ; t=11|entropy=1.3111|tok=' if' ; t=13|entropy=1.2097|tok=' <=' ; t=67|entropy=1.1654|tok=' =' ; t=66|entropy=1.1553|tok=' n' ; t=28|entropy=1.0627|tok=' while' ; t=46|entropy=0.9698|tok=' (' ; t=36|entropy=0.8417|tok=' (' | BN9: t=59|margin=0.0028|tok=' ==' ; t=67|margin=0.0554|tok=' =' ; t=13|margin=0.0938|tok=' <=' ; t=31|margin=0.2344|tok=' +' ; t=11|margin=0.2969|tok=' if' ; t=37|margin=0.3509|tok='k' ; t=42|margin=0.4020|tok=' ==' ; t=36|margin=0.4403|tok=' (' ; t=66|margin=0.4688|tok=' n' ; t=22|margin=0.6094|tok=' k' | BO9: 65 | BP9: 425 | BQ9: 318 | BR9: 304 | BS9: 13 | BT9: 15 | BU9: TRUE | BV9: FALSE | BW9: TRUE | BX9: {'type': 'RuntimeError', 'message': 'AssertionError', 'stderr_tail': 'Traceback (most recent call last):\n File "/tmp/tmpchf04fnm/candidate_eval.py", line 11, in <module>\n assert is_woodall(383) == True\n ^^^^^^^^^^^^^^^^^^^^^^^\nAssertionError\n', 'stdout_tail': ''} | BY9: 139
A10: mbpp_56 | B10: mbpp | C10: 0 | D10: baseline_deterministic | E10: Qwen/Qwen2.5-Coder-7B-Instruct | F10: TRUE | K10: Write a python function to check if a given number is one less than twice its reverse. | L10: <|im_start|>system You are an expert Python competitive programmer.<|im_end|> <|im_start|>user Solve the following Python programming task. Return only valid Python code. Do not use Markdown. Do not explain.Task:Write a python function to check if a given number is one less than twice its reverse.Required tests include:assert check(70) == Falseassert check(23) == Falseassert check(73) == True<|im_end|> <|im_start|>assistant | N10: ```python def check(n): # Reverse the digits of the number rev = 0 temp = n while temp > 0: rev = (rev * 10) + (temp % 10) temp //= 10 # Check if the original number is one less than twice its reverse return n == 2 * rev - 1 # Test cases assert check(70) == False assert check(23) == False assert check(73) == True ``` | O10: def check(n): # Reverse the digits of the number rev = 0 temp = n while temp > 0: rev = (rev * 10) + (temp % 10) temp //= 10 # Check if the original number is one less than twice its reverse return n == 2 * rev - 1 # Test cases assert check(70) == False assert check(23) == False assert check(73) == True | P10: FALSE | S10: 90 | T10: 119 | U10: 2.3555104 | V10: 50.519837 | W10: 0.1708473 | X10: 2.5980506 | Y10: 8.4413619 | Z10: 0.052556992 | AA10: 0.1708473 | AB10: 0.39942908 | AC10: 3.9469481e-07 | AD10: 2.5980506 | AE10: 0.0015084564 | AF10: 0.063776802 | AG10: 0.70099403 | AH10: 0.97183801 | AI10: 1.6794797 | AJ10: 8.4413619 | AK10: 4.6946439 | AL10: 0.052556992 | AM10: 18.647728 | AN10: 9.1946011 | AO10: 0.56051121 | AP10: 1.2414772 | AQ10: 5.029829 | AR10: 16 | AS10: 6 | AT10: 2 | AU10: 1 | AV10: 0.13445378 | AW10: 0.050420168 | AX10: 0.016806723 | AY10: 0.0084033613 | AZ10: 3 | BA10: 4 | BB10: 5 | BC10: 12 | BD10: 0.025210084 | BE10: 0.033613445 | BF10: 0.042016807 | BG10: 0.10084034 | BH10: 8 | BI10: 8 | BJ10: 8 | BK10: 11 | BL10: 6 | BM10: t=8|entropy=2.5981|tok=' #' ; t=17|entropy=1.7526|tok=' rev' ; t=9|entropy=1.3465|tok=' Reverse' ; t=76|entropy=1.1355|tok=' n' ; t=23|entropy=1.1143|tok=' temp' ; t=35|entropy=1.0627|tok=' rev' ; t=5|entropy=0.9617|tok='(n' ; t=4|entropy=0.9475|tok=' check' ; t=11|entropy=0.9097|tok=' digits' ; t=6|entropy=0.8772|tok='):\\n' | BN10: t=13|margin=0.0526|tok=' the' ; t=11|margin=0.0838|tok=' digits' ; t=76|margin=0.0994|tok=' n' ; t=19|margin=0.2344|tok=' ' ; t=6|margin=0.3281|tok='):\\n' ; t=64|margin=0.5426|tok=' original' ; t=5|margin=0.5625|tok='(n' ; t=9|margin=0.6094|tok=' Reverse' ; t=85|margin=0.7386|tok='\\n\\n' ; t=35|margin=0.7514|tok=' rev' | BO10: 86 | BP10: 428 | BQ10: 364 | BR10: 350 | BS10: 15 | BT10: 17 | BU10: TRUE | BV10: FALSE | BW10: TRUE | BX10: {'type': None} | BY10: 119
A11: mbpp_57 | B11: mbpp | C11: 0 | D11: baseline_deterministic | E11: Qwen/Qwen2.5-Coder-7B-Instruct | F11: TRUE | K11: Write a python function to find the largest number that can be formed with the given list of digits. | L11: <|im_start|>system You are an expert Python competitive programmer.<|im_end|> <|im_start|>user Solve the following Python programming task. Return only valid Python code. Do not use Markdown. Do not explain.Task:Write a python function to find the largest number that can be formed with the given list of digits.Required tests include:assert find_Max_Num([1,2,3]) == 321assert find_Max_Num([4,5,6,1]) == 6541assert find_Max_Num([1,2,3,9]) == 9321<|im_end|> <|im_start|>assistant | N11: ```python def find_Max_Num(digits): # Sort the digits in descending order and join them to form the largest number return int(''.join(sorted(map(str, digits), reverse=True))) ``` | O11: def find_Max_Num(digits): # Sort the digits in descending order and join them to form the largest number return int(''.join(sorted(map(str, digits), reverse=True))) | P11: FALSE | S11: 122 | T11: 43 | U11: 2.3488344 | V11: 18.306953 | W11: 0.20980518 | X11: 1.4868015 | Y11: 6.4286636 | Z11: 0.15909004 | AA11: 0.20980518 | AB11: 0.31625493 | AC11: 5.0144663e-06 | AD11: 1.4868015 | AE11: 0.013313223 | AF11: 0.35854572 | AG11: 0.61172347 | AH11: 0.70732064 | AI11: 1.2147401 | AJ11: 6.4286636 | AK11: 4.2865274 | AL11: 0.15909004 | AM11: 15.980114 | AN11: 7.173296 | AO11: 0.61875 | AP11: 1.25 | AQ11: 2.7052555 | AR11: 7 | AS11: 1 | AT11: 0 | AU11: 0 | AV11: 0.1627907 | AW11: 0.023255814 | AX11: 0 | AY11: 0 | AZ11: 0 | BA11: 2 | BB11: 2 | BC11: 4 | BD11: 0 | BE11: 0.046511628 | BF11: 0.046511628 | BG11: 0.093023256 | BH11: 7 | BK11: 17 | BL11: 17 | BM11: t=7|entropy=1.4868|tok='(digits' ; t=17|entropy=0.8390|tok=' and' ; t=0|entropy=0.7085|tok='```' ; t=40|entropy=0.6963|tok=')))\\n' ; t=29|entropy=0.6120|tok="('" ; t=27|entropy=0.6105|tok=' return' ; t=11|entropy=0.5753|tok=' Sort' ; t=20|entropy=0.4614|tok=' to' ; t=23|entropy=0.4144|tok=' largest' ; t=18|entropy=0.3965|tok=' join' | BN11: t=17|margin=0.1591|tok=' and' ; t=40|margin=0.2031|tok=')))\\n' ; t=7|margin=0.5938|tok='(digits' ; t=29|margin=0.8438|tok="('" ; t=0|margin=1.2344|tok='```' ; t=11|margin=1.3125|tok=' Sort' ; t=23|margin=2.1278|tok=' largest' ; t=41|margin=2.3139|tok='```' ; t=8|margin=2.5000|tok='):\\n' ; t=3|margin=2.6719|tok='def' | BO11: 100 | BP11: 479 | BQ11: 186 | BR11: 172 | BS11: 3 | BT11: 5 | BU11: TRUE | BV11: FALSE | BW11: TRUE | BX11: {'type': None} | BY11: 43
A12: mbpp_58 | B12: mbpp | C12: 0 | D12: baseline_deterministic | E12: Qwen/Qwen2.5-Coder-7B-Instruct | F12: TRUE | K12: Write a python function to check whether the given two integers have opposite sign or not. | L12: <|im_start|>system You are an expert Python competitive programmer.<|im_end|> <|im_start|>user Solve the following Python programming task. Return only valid Python code. Do not use Markdown. Do not explain.Task:Write a python function to check whether the given two integers have opposite sign or not.Required tests include:assert opposite_Signs(1,-2) == Trueassert opposite_Signs(3,2) == Falseassert opposite_Signs(-10,-10) == False<|im_end|> <|im_start|>assistant | N12: ```python def opposite_Signs(x, y): return (x ^ y) < 0 ``` | O12: def opposite_Signs(x, y): return (x ^ y) < 0 | P12: FALSE | S12: 103 | T12: 26 | U12: 2.3499896 | V12: 11.063879 | W12: 0.11680309 | X12: 0.79170483 | Y12: 7.3414285 | Z12: 0.734375 | AA12: 0.11680309 | AB12: 0.2143555 | AC12: 1.5264257e-05 | AD12: 0.79170483 | AE12: 0.0068480787 | AF12: 0.11629674 | AG12: 0.38088372 | AH12: 0.6094052 | AI12: 0.75994191 | AJ12: 7.3414285 | AK12: 3.9134586 | AL12: 0.734375 | AM12: 15.75 | AN12: 7.802557 | AO12: 1.3632812 | AP12: 2.40625 | AQ12: 3.978694 | AR12: 2 | AS12: 0 | AT12: 0 | AU12: 0 | AV12: 0.076923077 | AW12: 0 | AX12: 0 | AY12: 0 | AZ12: 0 | BA12: 0 | BB12: 0 | BC12: 1 | BD12: 0 | BE12: 0 | BF12: 0 | BG12: 0.038461538 | BM12: t=0|entropy=0.7917|tok='```' ; t=11|entropy=0.6647|tok='):' ; t=12|entropy=0.4437|tok=' \\n' ; t=23|entropy=0.3181|tok='\\n' ; t=9|entropy=0.2428|tok=',' ; t=8|entropy=0.2254|tok='(x' ; t=24|entropy=0.1348|tok='```' ; t=14|entropy=0.0608|tok=' return' ; t=15|entropy=0.0540|tok=' (' ; t=13|entropy=0.0401|tok=' ' | BN12: t=0|margin=0.7344|tok='```' ; t=11|margin=1.0781|tok='):' ; t=12|margin=2.2188|tok=' \\n' ; t=23|margin=2.5938|tok='\\n' ; t=9|margin=2.8494|tok=',' ; t=8|margin=3.1250|tok='(x' ; t=24|margin=3.5341|tok='```' ; t=14|margin=5.3125|tok=' return' ; t=15|margin=5.3594|tok=' (' ; t=13|margin=5.7188|tok=' ' | BO12: 90 | BP12: 467 | BQ12: 63 | BR12: 49 | BS12: 2 | BT12: 4 | BU12: TRUE | BV12: FALSE | BW12: TRUE | BX12: {'type': None} | BY12: 26
A13: mbpp_59 | B13: mbpp | C13: 0 | D13: baseline_deterministic | E13: Qwen/Qwen2.5-Coder-7B-Instruct | F13: TRUE | K13: Write a function to find the nth octagonal number. | L13: <|im_start|>system You are an expert Python competitive programmer.<|im_end|> <|im_start|>user Solve the following Python programming task. Return only valid Python code. Do not use Markdown. Do not explain.Task:Write a function to find the nth octagonal number.Required tests include:assert is_octagonal(5) == 65assert is_octagonal(10) == 280assert is_octagonal(15) == 645<|im_end|> <|im_start|>assistant | N13: ```python def is_octagonal(n): # Calculate the nth octagonal number using the formula return n * (3 * n - 2) # Test cases assert is_octagonal(5) == 65 assert is_octagonal(10) == 280 assert is_octagonal(15) == 645 ``` | O13: def is_octagonal(n): # Calculate the nth octagonal number using the formula return n * (3 * n - 2) # Test cases assert is_octagonal(5) == 65 assert is_octagonal(10) == 280 assert is_octagonal(15) == 645 | P13: FALSE | S13: 96 | T13: 79 | U13: 2.3598977 | V13: 33.476027 | W13: 0.095858296 | X13: 1.1651812 | Y13: 8.9868208 | Z13: 0.046875 | AA13: 0.095858296 | AB13: 0.25346469 | AC13: 2.2511125e-05 | AD13: 1.1651812 | AE13: 0.0013619575 | AF13: 0.020027981 | AG13: 0.31507829 | AH13: 0.72380044 | AI13: 1.1224066 | AJ13: 8.9868208 | AK13: 3.8961842 | AL13: 0.046875 | AM13: 14.957387 | AN13: 9.421875 | AO13: 1.6382103 | AP13: 3.097443 | AQ13: 6.3757105 | AR13: 7 | AS13: 2 | AT13: 0 | AU13: 0 | AV13: 0.088607595 | AW13: 0.025316456 | AX13: 0 | AY13: 0 | AZ13: 1 | BA13: 1 | BB13: 1 | BC13: 3 | BD13: 0.012658228 | BE13: 0.012658228 | BF13: 0.012658228 | BG13: 0.037974684 | BH13: 11 | BK13: 32 | BL13: 32 | BM13: t=11|entropy=1.1652|tok=' Calculate' ; t=20|entropy=1.1103|tok='\\n' ; t=10|entropy=0.9667|tok=' #' ; t=0|entropy=0.9036|tok='```' ; t=32|entropy=0.7038|tok=')\\n\\n' ; t=36|entropy=0.5428|tok='\\n' ; t=8|entropy=0.5365|tok='):\\n' ; t=23|entropy=0.3489|tok=' n' ; t=22|entropy=0.3066|tok=' return' ; t=77|entropy=0.1972|tok='```' | BN13: t=32|margin=0.0469|tok=')\\n\\n' ; t=0|margin=0.5156|tok='```' ; t=10|margin=0.8750|tok=' #' ; t=36|margin=1.3352|tok='\\n' ; t=8|margin=1.6719|tok='):\\n' ; t=11|margin=1.8281|tok=' Calculate' ; t=20|margin=1.8892|tok='\\n' ; t=77|margin=2.9702|tok='```' ; t=23|margin=3.1293|tok=' n' ; t=22|margin=3.3125|tok=' return' | BO13: 50 | BP13: 406 | BQ13: 225 | BR13: 211 | BS13: 8 | BT13: 10 | BU13: TRUE | BV13: FALSE | BW13: TRUE | BX13: {'type': None} | BY13: 79
A14: mbpp_61 | B14: mbpp | C14: 0 | D14: baseline_deterministic | E14: Qwen/Qwen2.5-Coder-7B-Instruct | F14: TRUE | K14: Write a python function to count the number of substrings with the sum of digits equal to their length. | L14: <|im_start|>system You are an expert Python competitive programmer.<|im_end|> <|im_start|>user Solve the following Python programming task. Return only valid Python code. Do not use Markdown. Do not explain.Task:Write a python function to count the number of substrings with the sum of digits equal to their length.Required tests include:assert count_Substrings('112112') == 6assert count_Substrings('111') == 6assert count_Substrings('1101112') == 12<|im_end|> <|im_start|>assistant | N14: ```python def count_Substrings(s): n = len(s) res = 0 for i in range(n): sum = 0 for j in range(i, n): sum += ord(s[j]) - ord('0') if (sum == j - i + 1): res += 1 return res ``` | O14: def count_Substrings(s): n = len(s) res = 0 for i in range(n): sum = 0 for j in range(i, n): sum += ord(s[j]) - ord('0') if (sum == j - i + 1): res += 1 return res | P14: FALSE | S14: 113 | T14: 85 | U14: 2.3589424 | V14: 36.033097 | W14: 0.35181652 | X14: 3.134794 | Y14: 5.8363055 | Z14: 0.15625 | AA14: 0.35181652 | AB14: 0.63323025 | AC14: 3.3976841e-05 | AD14: 3.134794 | AE14: 0.047932409 | AF14: 0.4499644 | AG14: 0.96064804 | AH14: 1.298608 | AI14: 2.8133314 | AJ14: 5.8363055 | AK14: 3.8117229 | AL14: 0.15625 | AM14: 14.460228 | AN14: 5.453125 | AO14: 0.528125 | AP14: 1.0789776 | AQ14: 2.296875 | AR14: 20 | AS14: 8 | AT14: 4 | AU14: 4 | AV14: 0.23529412 | AW14: 0.094117647 | AX14: 0.047058824 | AY14: 0.047058824 | AZ14: 0 | BA14: 2 | BB14: 4 | BC14: 8 | BD14: 0 | BE14: 0.023529412 | BF14: 0.047058824 | BG14: 0.094117647 | BH14: 7 | BI14: 11 | BJ14: 11 | BK14: 8 | BL14: 8 | BM14: t=24|entropy=3.1348|tok=' for' ; t=18|entropy=2.7521|tok=' res' ; t=32|entropy=2.6154|tok=' sum' ; t=11|entropy=2.5763|tok=' n' ; t=7|entropy=1.3293|tok='(s' ; t=82|entropy=1.1759|tok='\\n' ; t=33|entropy=1.1171|tok=' =' ; t=22|entropy=1.0110|tok='\\n' ; t=16|entropy=0.9675|tok=' \\n' ; t=8|entropy=0.9504|tok='):' | BN14: t=8|margin=0.1562|tok='):' ; t=32|margin=0.2259|tok=' sum' ; t=18|margin=0.3040|tok=' res' ; t=62|margin=0.3580|tok=' (' ; t=24|margin=0.5156|tok=' for' ; t=7|margin=0.5781|tok='(s' ; t=82|margin=0.5824|tok='\\n' ; t=50|margin=0.9688|tok=' ord' ; t=58|margin=1.0170|tok="')" ; t=11|margin=1.1719|tok=' n' | BO14: 103 | BP14: 484 | BQ14: 255 | BR14: 241 | BS14: 10 | BT14: 12 | BU14: TRUE | BV14: FALSE | BW14: TRUE | BX14: {'type': None} | BY14: 85
A15: mbpp_62 | B15: mbpp | C15: 0 | D15: baseline_deterministic | E15: Qwen/Qwen2.5-Coder-7B-Instruct | F15: TRUE | K15: Write a python function to find smallest number in a list. | L15: <|im_start|>system You are an expert Python competitive programmer.<|im_end|> <|im_start|>user Solve the following Python programming task. Return only valid Python code. Do not use Markdown. Do not explain.Task:Write a python function to find smallest number in a list.Required tests include:assert smallest_num([10, 20, 1, 45, 99]) == 1assert smallest_num([1, 2, 3]) == 1assert smallest_num([45, 46, 50, 60]) == 45<|im_end|> <|im_start|>assistant | N15: ```python def smallest_num(nums): # Use the min function to find and return the smallest number in the list return min(nums) ``` | O15: def smallest_num(nums): # Use the min function to find and return the smallest number in the list return min(nums) | P15: FALSE | S15: 123 | T15: 32 | U15: 2.350343 | V15: 13.615034 | W15: 0.24603376 | X15: 1.467957 | Y15: 6.4345486 | Z15: 0.32102203 | AA15: 0.24603376 | AB15: 0.40384146 | AC15: 3.0958909e-05 | AD15: 1.467957 | AE15: 0.013369312 | AF15: 0.38844005 | AG15: 0.72121323 | AH15: 1.1237452 | AI15: 1.3937825 | AJ15: 6.4345486 | AK15: 4.2810555 | AL15: 0.32102203 | AM15: 13.948864 | AN15: 6.6825294 | AO15: 0.42265625 | AP15: 0.80923405 | AQ15: 2.2887073 | AR15: 8 | AS15: 3 | AT15: 0 | AU15: 0 | AV15: 0.25 | AW15: 0.09375 | AX15: 0 | AY15: 0 | AZ15: 0 | BA15: 0 | BB15: 2 | BC15: 6 | BD15: 0 | BE15: 0 | BF15: 0.0625 | BG15: 0.1875 | BH15: 6 | BL15: 6 | BM15: t=6|entropy=1.4680|tok='(nums' ; t=10|entropy=1.2287|tok=' Use' ; t=9|entropy=1.0379|tok=' #' ; t=0|entropy=0.7257|tok='```' ; t=16|entropy=0.6805|tok=' and' ; t=13|entropy=0.6267|tok=' function' ; t=29|entropy=0.6167|tok=')\\n' ; t=12|entropy=0.5072|tok=' min' ; t=26|entropy=0.3488|tok=' return' ; t=30|entropy=0.3006|tok='```' | BN15: t=16|margin=0.3210|tok=' and' ; t=6|margin=0.3281|tok='(nums' ; t=10|margin=0.5000|tok=' Use' ; t=13|margin=0.8054|tok=' function' ; t=29|margin=0.8438|tok=')\\n' ; t=0|margin=0.8438|tok='```' ; t=9|margin=1.0156|tok=' #' ; t=12|margin=1.3906|tok=' min' ; t=30|margin=2.5881|tok='```' ; t=26|margin=3.9830|tok=' return' | BO15: 58 | BP15: 449 | BQ15: 136 | BR15: 122 | BS15: 3 | BT15: 5 | BU15: TRUE | BV15: FALSE | BW15: TRUE | BX15: {'type': None} | BY15: 32
A16: mbpp_63 | B16: mbpp | C16: 0 | D16: baseline_deterministic | E16: Qwen/Qwen2.5-Coder-7B-Instruct | F16: FALSE | G16: RuntimeError | H16: TypeError: bad operand type for abs(): 'tuple' | I16: Traceback (most recent call last): File "/tmp/tmpko1erwby/candidate_eval.py", line 6, in <module> assert max_difference([(3, 5), (1, 7), (10, 3), (1, 2)]) == 7 ^^^^^^^^^^^^^^^^^^^^^^^^^^^^^^^^^^^^^^^^^^^^^^^^^ File "/tmp/tmpko1erwby/candidate_eval.py", line 3, in max_difference res = max(abs(sub) for sub in test_list) ^^^^^^^^^^^^^^^^^^^^^^^^^^^^^^^^^^ File "/tmp/tmpko1erwby/candidate_eval.py", line 3, in <genexpr> res = max(abs(sub) for sub in test_list) ^^^^^^^^ TypeError: bad operand type for abs(): 'tuple' | K16: Write a function to find the maximum difference between available pairs in the given tuple list. | L16: <|im_start|>system You are an expert Python competitive programmer.<|im_end|> <|im_start|>user Solve the following Python programming task. Return only valid Python code. Do not use Markdown. Do not explain.Task:Write a function to find the maximum difference between available pairs in the given tuple list.Required tests include:assert max_difference([(3, 5), (1, 7), (10, 3), (1, 2)]) == 7assert max_difference([(4, 6), (2, 17), (9, 13), (11, 12)]) == 15assert max_difference([(12, 35), (21, 27), (13, 23), (41, 22)]) == 23<|im_end|> <|im_start|>assistant | N16: ```python def max_difference(test_list): # Calculate the absolute difference for each pair and return the maximum res = max(abs(sub) for sub in test_list) return res ``` | O16: def max_difference(test_list): # Calculate the absolute difference for each pair and return the maximum res = max(abs(sub) for sub in test_list) return res | P16: FALSE | S16: 170 | T16: 42 | U16: 2.3389603 | V16: 17.956696 | W16: 0.29015716 | X16: 2.2274408 | Y16: 5.4779662 | Z16: 0.03125 | AA16: 0.29015716 | AB16: 0.44105255 | AC16: 0.00027214523 | AD16: 2.2274408 | AE16: 0.055120233 | AF16: 0.51098956 | AG16: 0.77286201 | AH16: 0.99704777 | AI16: 1.7673189 | AJ16: 5.4779662 | AK16: 3.5327239 | AL16: 0.03125 | AM16: 12.238638 | AN16: 5.6995735 | AO16: 0.77613621 | AP16: 1.021875 | AQ16: 2.5834517 | AR16: 11 | AS16: 3 | AT16: 1 | AU16: 1 | AV16: 0.26190476 | AW16: 0.071428571 | AX16: 0.023809524 | AY16: 0.023809524 | AZ16: 2 | BA16: 2 | BB16: 2 | BC16: 4 | BD16: 0.047619048 | BE16: 0.047619048 | BF16: 0.047619048 | BG16: 0.095238095 | BH16: 19 | BI16: 28 | BJ16: 28 | BK16: 28 | BL16: 28 | BM16: t=28|entropy=2.2274|tok='(sub' ; t=22|entropy=1.1052|tok='\\n' ; t=19|entropy=1.0063|tok=' return' ; t=10|entropy=0.8204|tok=' #' ; t=6|entropy=0.7795|tok='(test' ; t=39|entropy=0.7136|tok='\\n' ; t=0|entropy=0.6711|tok='```' ; t=18|entropy=0.6699|tok=' and' ; t=27|entropy=0.5429|tok='(abs' ; t=11|entropy=0.5322|tok=' Calculate' | BN16: t=28|margin=0.0312|tok='(sub' ; t=39|margin=0.0426|tok='\\n' ; t=19|margin=0.7756|tok=' return' ; t=22|margin=0.7869|tok='\\n' ; t=0|margin=1.0000|tok='```' ; t=10|margin=1.2188|tok=' #' ; t=14|margin=1.3224|tok=' difference' ; t=18|margin=1.4631|tok=' and' ; t=27|margin=1.5781|tok='(abs' ; t=40|margin=2.2401|tok='```' | BO16: 96 | BP16: 559 | BQ16: 181 | BR16: 167 | BS16: 4 | BT16: 6 | BU16: TRUE | BV16: FALSE | BW16: TRUE | BX16: {'type': 'RuntimeError', 'message': "TypeError: bad operand type for abs(): 'tuple'", 'stderr_tail': 'Traceback (most recent call last):\n File "/tmp/tmpko1erwby/candidate_eval.py", line 6, in <module>\n assert max_difference([(3, 5), (1, 7), (10, 3), (1, 2)]) == 7\n ^^^^^^^^^^^^^^^^^^^^^^^^^^^^^^^^^^^^^^^^^^^^^^^^^\n File "/tmp/tmpko1erwby/candidate_eval.py", line 3, in max_difference\n res = max(abs(sub) for sub in test_list)\n ^^^^^^^^^^^^^^^^^^^^^^^^^^^^^^^^^^\n File "/tmp/tmpko1erwby/candidate_eval.py", line 3, in <genexpr>\n res = max(abs(sub) for sub in test_list)\n ^^^^^^^^\nTypeError: bad operand type for abs(): \'tuple\'\n', 'stdout_tail': ''} | BY16: 42
