Workbook

Sheet Metodología
A1: Cómo leer esta validación
A3: Elemento | B3: Definición | C3: Interpretación
A4: Baseline greedy | B4: El modelo elige top-1 en cada paso. | C4: Los 20 problemas incluidos fallaron con este baseline.
A5: Rama top-2 | B5: Se mantiene el prefijo, se fuerza top-2 en una posición y se continúa greedy. | C5: Una rama PASS constituye una recuperación local contrafactual.
A6: Lookahead | B6: Continuación corta de 12 tokens para todas las posiciones elegibles. | C6: Sirve para ordenar; no determina por sí mismo si el programa pasa.
A7: Presupuesto k | B7: Cantidad máxima de ramas completas por problema. | C7: Todos los selectores se comparan con el mismo k.
A8: Problema recuperado | B8: Al menos una rama seleccionada pasó los tests base. | C8: Es la métrica primaria por problema.
A9: Precisión de rama | B9: Ramas PASS / ramas nominales seleccionadas. | C9: Mide densidad de ramas útiles, no cobertura del oracle.
A10: No evaluada completa | B10: La posición tiene lookahead pero no rama completa. | C10: No debe interpretarse como FAIL.
A11: Límite | B11: No se completaron todas las 1.649 posiciones ni se ejecutó HumanEval+. | C11: Todavía no conocemos el oracle exhaustivo ni la robustez reforzada.
A13: Fuentes reproducibles
A14: Archivo | B14: Contenido | C14: Ruta de origen
A15: validation_report.json | B15: Configuración y resultados agregados | C15: frozen_selector_validation_checkpoint (1).zip
A16: branches.jsonl | B16: 255 ramas completas únicas | C16: frozen_selector_validation_checkpoint (1).zip
A17: lookaheads.jsonl | B17: 1.649 posiciones con continuación corta | C17: frozen_selector_validation_checkpoint (1).zip

Sheet Resumen
A1: Validación de branching adaptativo — 20 problemas
A2: Qwen2.5-Coder-7B · HumanEval/26 excluido por desarrollo · tests base de HumanEval | J2: Selector | K2: Problemas recuperados
J3: =A9 -> Semántico | K3: =B9 -> 10
A4: Problemas | C4: Lookaheads cortos | E4: Ramas completas | G4: Posiciones sin rama completa | J4: =A10 -> Entropía | K4: =B10 -> 10
A5: =COUNTA(Problemas!$A$2:$A$21) -> 20 | C5: =COUNTA(Lookaheads!$A$2:$A$1650) -> 1649 | E5: =COUNTA(Ramas!$A$2:$A$256) -> 255 | G5: =C5-E5 -> 1394 | J5: =A11 -> Margen | K5: =B11 -> 10
J6: =A12 -> Aleatorio | K6: =B12 -> 6
A8: Selector | B8: Problemas recuperados | C8: Tasa | D8: Ramas PASS | E8: Ramas nominales | F8: Precisión de rama | G8: Brecha vs random | H8: Lectura
A9: Semántico | B9: =SUM(Problemas!$B$2:$B$21) -> 10 | C9: =B9/$A$5 -> 0.5 | D9: =SUMPRODUCT(Ramas!$I$2:$I$256,Ramas!$H$2:$H$256) -> 15 | E9: =SUM(Ramas!$I$2:$I$256) -> 100 | F9: =IFERROR(D9/E9,0) -> 0.15 | G9: =B9-$B$12 -> 4 | H9: Complementario, pero no superior a entropía
A10: Entropía | B10: =SUM(Problemas!$C$2:$C$21) -> 10 | C10: =B10/$A$5 -> 0.5 | D10: =SUMPRODUCT(Ramas!$J$2:$J$256,Ramas!$H$2:$H$256) -> 21 | E10: =SUM(Ramas!$J$2:$J$256) -> 100 | F10: =IFERROR(D10/E10,0) -> 0.21 | G10: =B10-$B$12 -> 4 | H10: Mejor con presupuestos pequeños
A11: Margen | B11: =SUM(Problemas!$D$2:$D$21) -> 10 | C11: =B11/$A$5 -> 0.5 | D11: =SUMPRODUCT(Ramas!$K$2:$K$256,Ramas!$H$2:$H$256) -> 21 | E11: =SUM(Ramas!$K$2:$K$256) -> 100 | F11: =IFERROR(D11/E11,0) -> 0.21 | G11: =B11-$B$12 -> 4 | H11: Casi redundante con entropía
A12: Aleatorio | B12: =SUM(Problemas!$E$2:$E$21) -> 6 | C12: =B12/$A$5 -> 0.3 | D12: =SUMPRODUCT(Ramas!$L$2:$L$256,Ramas!$H$2:$H$256) -> 7 | E12: =SUM(Ramas!$L$2:$L$256) -> 100 | F12: =IFERROR(D12/E12,0) -> 0.07 | G12: =B12-$B$12 -> 0 | H12: Control de referencia
A15: Conclusión defendible
A16: Cambiar una decisión top-1 por top-2 recuperó 10 de 20 problemas con cinco ramas. El selector semántico superó al control aleatorio, pero empató con entropía y margen. Su valor potencial es aportar trayectorias diferentes para una política híbrida.
J20: Selector | K20: PASS | L20: FAIL
J21: =A9 -> Semántico | K21: =D9 -> 15 | L21: =E9-D9 -> 85
J22: =A10 -> Entropía | K22: =D10 -> 21 | L22: =E10-D10 -> 79
J23: =A11 -> Margen | K23: =D11 -> 21 | L23: =E11-D11 -> 79
J24: =A12 -> Aleatorio | K24: =D12 -> 7 | L24: =E12-D12 -> 93

Sheet Presupuesto
A1: task_id | B1: selector | C1: rank | D1: position | E1: branch_passed | F1: recovered_within_k | H1: Ramas permitidas | I1: Semántico | J1: Entropía | K1: Margen | L1: Aleatorio | N1: Ramas permitidas | O1: Semántico | P1: Entropía | Q1: Margen | R1: Aleatorio
A2: HumanEval/140 | B2: Semántico | C2: 1 | D2: 6 | E2: 1 | F2: 1 | H2: 1 | I2: 5 | J2: 8 | K2: 6 | L2: 4 | N2: =H2 -> 1 | O2: =I2/20 -> 0.25 | P2: =J2/20 -> 0.4 | Q2: =K2/20 -> 0.3 | R2: =L2/20 -> 0.2
A3: HumanEval/140 | B3: Semántico | C3: 2 | D3: 8 | E3: 0 | F3: 1 | H3: 2 | I3: 7 | J3: 10 | K3: 8 | L3: 5 | N3: =H3 -> 2 | O3: =I3/20 -> 0.35 | P3: =J3/20 -> 0.5 | Q3: =K3/20 -> 0.4 | R3: =L3/20 -> 0.25
A4: HumanEval/140 | B4: Semántico | C4: 3 | D4: 7 | E4: 1 | F4: 1 | H4: 3 | I4: 7 | J4: 10 | K4: 10 | L4: 6 | N4: =H4 -> 3 | O4: =I4/20 -> 0.35 | P4: =J4/20 -> 0.5 | Q4: =K4/20 -> 0.5 | R4: =L4/20 -> 0.3
A5: HumanEval/140 | B5: Semántico | C5: 4 | D5: 4 | E5: 0 | F5: 1 | H5: 4 | I5: 8 | J5: 10 | K5: 10 | L5: 6 | N5: =H5 -> 4 | O5: =I5/20 -> 0.4 | P5: =J5/20 -> 0.5 | Q5: =K5/20 -> 0.5 | R5: =L5/20 -> 0.3 | T5: score | U5: 10
A6: HumanEval/140 | B6: Semántico | C6: 5 | D6: 3 | E6: 0 | F6: 1 | H6: 5 | I6: 10 | J6: 10 | K6: 10 | L6: 6 | N6: =H6 -> 5 | O6: =I6/20 -> 0.5 | P6: =J6/20 -> 0.5 | Q6: =K6/20 -> 0.5 | R6: =L6/20 -> 0.3
A7: HumanEval/140 | B7: Entropía | C7: 1 | D7: 7 | E7: 1 | F7: 1
A8: HumanEval/140 | B8: Entropía | C8: 2 | D8: 6 | E8: 1 | F8: 1
A9: HumanEval/140 | B9: Entropía | C9: 3 | D9: 4 | E9: 0 | F9: 1 | T9: Pasas: | W9: Nota
A10: HumanEval/140 | B10: Entropía | C10: 4 | D10: 5 | E10: 0 | F10: 1 | T10: l0 | W10: 7 | Y10: Asigno 7
A11: HumanEval/140 | B11: Entropía | C11: 5 | D11: 8 | E11: 0 | F11: 1 | T11: l1 | W11: 8
A12: HumanEval/140 | B12: Margen | C12: 1 | D12: 7 | E12: 1 | F12: 1 | T12: l2 | W12: 7
A13: HumanEval/140 | B13: Margen | C13: 2 | D13: 6 | E13: 1 | F13: 1 | T13: l3 | W13: 7
A14: HumanEval/140 | B14: Margen | C14: 3 | D14: 4 | E14: 0 | F14: 1 | T14: l | W14: 7
A15: HumanEval/140 | B15: Margen | C15: 4 | D15: 5 | E15: 0 | F15: 1
A16: HumanEval/140 | B16: Margen | C16: 5 | D16: 8 | E16: 0 | F16: 1
A17: HumanEval/140 | B17: Aleatorio | C17: 1 | D17: 2 | E17: 0 | F17: 0
A18: HumanEval/140 | B18: Aleatorio | C18: 2 | D18: 6 | E18: 1 | F18: 1
A19: HumanEval/140 | B19: Aleatorio | C19: 3 | D19: 7 | E19: 1 | F19: 1
A20: HumanEval/140 | B20: Aleatorio | C20: 4 | D20: 8 | E20: 0 | F20: 1
A21: HumanEval/140 | B21: Aleatorio | C21: 5 | D21: 9 | E21: 0 | F21: 1
A22: HumanEval/93 | B22: Semántico | C22: 1 | D22: 62 | E22: 0 | F22: 0
A23: HumanEval/93 | B23: Semántico | C23: 2 | D23: 50 | E23: 0 | F23: 0
A24: HumanEval/93 | B24: Semántico | C24: 3 | D24: 58 | E24: 0 | F24: 0
A25: HumanEval/93 | B25: Semántico | C25: 4 | D25: 64 | E25: 0 | F25: 0
A26: HumanEval/93 | B26: Semántico | C26: 5 | D26: 65 | E26: 0 | F26: 0
... A401: HumanEval/95 | B401: Aleatorio | C401: 5 | D401: 56 | E401: 0 | F401: 1

Sheet Problemas
A1: task_id | B1: Semántico | C1: Entropía | D1: Margen | E1: Aleatorio | F1: Nº selectores | G1: Consenso | H1: Semántico exclusivo | I1: Entropía exclusiva
A2: HumanEval/140 | B2: 1 | C2: 1 | D2: 1 | E2: 1 | F2: =SUM(B2:E2) -> 4 | G2: =IF(F2=0,"Sin recuperación",IF(F2=4,"Robusto",IF(F2=1,"Exclusivo","Compartido"))) -> Robusto | H2: =--AND(B2=1,C2=0) -> 0 | I2: =--AND(B2=0,C2=1) -> 0
A3: HumanEval/93 | B3: 0 | C3: 0 | D3: 0 | E3: 0 | F3: =SUM(B3:E3) -> 0 | G3: =IF(F3=0,"Sin recuperación",IF(F3=4,"Robusto",IF(F3=1,"Exclusivo","Compartido"))) -> Sin recuperación | H3: =--AND(B3=1,C3=0) -> 0 | I3: =--AND(B3=0,C3=1) -> 0
A4: HumanEval/10 | B4: 0 | C4: 0 | D4: 0 | E4: 0 | F4: =SUM(B4:E4) -> 0 | G4: =IF(F4=0,"Sin recuperación",IF(F4=4,"Robusto",IF(F4=1,"Exclusivo","Compartido"))) -> Sin recuperación | H4: =--AND(B4=1,C4=0) -> 0 | I4: =--AND(B4=0,C4=1) -> 0
A5: HumanEval/77 | B5: 1 | C5: 1 | D5: 1 | E5: 1 | F5: =SUM(B5:E5) -> 4 | G5: =IF(F5=0,"Sin recuperación",IF(F5=4,"Robusto",IF(F5=1,"Exclusivo","Compartido"))) -> Robusto | H5: =--AND(B5=1,C5=0) -> 0 | I5: =--AND(B5=0,C5=1) -> 0
A6: HumanEval/141 | B6: 1 | C6: 1 | D6: 1 | E6: 0 | F6: =SUM(B6:E6) -> 3 | G6: =IF(F6=0,"Sin recuperación",IF(F6=4,"Robusto",IF(F6=1,"Exclusivo","Compartido"))) -> Compartido | H6: =--AND(B6=1,C6=0) -> 0 | I6: =--AND(B6=0,C6=1) -> 0
A7: HumanEval/154 | B7: 1 | C7: 1 | D7: 1 | E7: 0 | F7: =SUM(B7:E7) -> 3 | G7: =IF(F7=0,"Sin recuperación",IF(F7=4,"Robusto",IF(F7=1,"Exclusivo","Compartido"))) -> Compartido | H7: =--AND(B7=1,C7=0) -> 0 | I7: =--AND(B7=0,C7=1) -> 0
A8: HumanEval/50 | B8: 0 | C8: 0 | D8: 0 | E8: 0 | F8: =SUM(B8:E8) -> 0 | G8: =IF(F8=0,"Sin recuperación",IF(F8=4,"Robusto",IF(F8=1,"Exclusivo","Compartido"))) -> Sin recuperación | H8: =--AND(B8=1,C8=0) -> 0 | I8: =--AND(B8=0,C8=1) -> 0
A9: HumanEval/145 | B9: 0 | C9: 0 | D9: 0 | E9: 0 | F9: =SUM(B9:E9) -> 0 | G9: =IF(F9=0,"Sin recuperación",IF(F9=4,"Robusto",IF(F9=1,"Exclusivo","Compartido"))) -> Sin recuperación | H9: =--AND(B9=1,C9=0) -> 0 | I9: =--AND(B9=0,C9=1) -> 0
A10: HumanEval/163 | B10: 0 | C10: 0 | D10: 0 | E10: 0 | F10: =SUM(B10:E10) -> 0 | G10: =IF(F10=0,"Sin recuperación",IF(F10=4,"Robusto",IF(F10=1,"Exclusivo","Compartido"))) -> Sin recuperación | H10: =--AND(B10=1,C10=0) -> 0 | I10: =--AND(B10=0,C10=1) -> 0
A11: HumanEval/81 | B11: 1 | C11: 1 | D11: 1 | E11: 0 | F11: =SUM(B11:E11) -> 3 | G11: =IF(F11=0,"Sin recuperación",IF(F11=4,"Robusto",IF(F11=1,"Exclusivo","Compartido"))) -> Compartido | H11: =--AND(B11=1,C11=0) -> 0 | I11: =--AND(B11=0,C11=1) -> 0
A12: HumanEval/130 | B12: 0 | C12: 0 | D12: 0 | E12: 0 | F12: =SUM(B12:E12) -> 0 | G12: =IF(F12=0,"Sin recuperación",IF(F12=4,"Robusto",IF(F12=1,"Exclusivo","Compartido"))) -> Sin recuperación | H12: =--AND(B12=1,C12=0) -> 0 | I12: =--AND(B12=0,C12=1) -> 0
A13: HumanEval/121 | B13: 1 | C13: 0 | D13: 0 | E13: 0 | F13: =SUM(B13:E13) -> 1 | G13: =IF(F13=0,"Sin recuperación",IF(F13=4,"Robusto",IF(F13=1,"Exclusivo","Compartido"))) -> Exclusivo | H13: =--AND(B13=1,C13=0) -> 1 | I13: =--AND(B13=0,C13=1) -> 0
... A21: HumanEval/95 | B21: 0 | C21: 1 | D21: 1 | E21: 1 | F21: =SUM(B21:E21) -> 3 | G21: =IF(F21=0,"Sin recuperación",IF(F21=4,"Robusto",IF(F21=1,"Exclusivo","Compartido"))) -> Compartido | H21: =--AND(B21=1,C21=0) -> 0 | I21: =--AND(B21=0,C21=1) -> 1

Sheet Ramas
A1: task_id | B1: position | C1: top1_token | D1: top2_token | E1: entropy | F1: probability_margin | G1: semantic_score | H1: passed | I1: sel_semantic | J1: sel_entropy | K1: sel_margin | L1: sel_random | M1: latency_s | N1: error | O1: code
A2: HumanEval/10 | B2: 4 | C2: make | D2: is | E2: 0.61209083 | F2: 0.52107523 | G2: 0.45464853 | H2: 0 | I2: 0 | J2: 1 | K2: 1 | L2: 0 | M2: 12.547088 | N2: Traceback (most recent call last): File "/tmp/tmpue2nszzl/candidate.py", line 48, in <module> check(make_palindrome) File "/tmp/tmpue2nszzl/candidate.py", line 41, in check assert candidate('') == '' ^^^^^^^^^^^^^ File "/tmp/tmpue2nszzl/candidate.py", line 25, in make_palindrome if is_palindrome(string): ^^^^^^^^^^^^^ NameError: name 'is_palindrome' is not defined. Did you mean: 'make_palindrome'? | O2: ```python def is_palindrome(string: str) -> bool: """ Test if given string is a palindrome """ return string == string[::-1] def make_palindrome(string: str) -> str: """ Find the shortest palindrome that begins with a supplied string. Algorithm idea is simple: - Find the longest postfix of supplied string that is a palindrome. - Append to the end of the string reverse of a string prefix that comes before the palindromic suffix. >>> make_palindrome('') '' >>> make_palindrome('cat') 'catac' >>> make_palindrome('cata') 'catac' """ if is_palindrome(string): return string for i in range(len(string), -1, -1): if is_palindrome(string[i:]): return string + string[:i][::-1] return string ```
A3: HumanEval/10 | B3: 34 | C3: - | D3: """ | E3: 0.00010912886 | F3: 0.99998914 | G3: 0.85260771 | H3: 0 | I3: 1 | J3: 0 | K3: 0 | L3: 0 | M3: 3.1460506 | N3: Traceback (most recent call last): File "/tmp/tmpu93yl7ru/candidate.py", line 39, in <module> check(make_palindrome) File "/tmp/tmpu93yl7ru/candidate.py", line 32, in check assert candidate('') == '' ^^^^^^^^^^^^^ File "/tmp/tmpu93yl7ru/candidate.py", line 19, in make_palindrome if is_palindrome(string[:i]): ^^^^^^^^^^^^^ NameError: name 'is_palindrome' is not defined. Did you mean: 'make_palindrome'? | O3: ```python def make_palindrome(string: str) -> str: """ Find the shortest palindrome that begins with a supplied string. Algorithm idea is simple: """ n = len(string) for i in range(n, -1, -1): if is_palindrome(string[:i]): return string + string[i-1::-1] return string ```
A4: HumanEval/10 | B4: 63 | C4: before | D4: after | E4: 0.00044175194 | F4: 0.99993683 | G4: 0.15759637 | H4: 0 | I4: 0 | J4: 0 | K4: 0 | L4: 1 | M4: 6.2857217 | N4: Traceback (most recent call last): File "/tmp/tmpqi3agcgk/candidate.py", line 47, in <module> check(make_palindrome) File "/tmp/tmpqi3agcgk/candidate.py", line 40, in check assert candidate('') == '' ^^^^^^^^^^^^^ File "/tmp/tmpqi3agcgk/candidate.py", line 27, in make_palindrome if is_palindrome(string[:i]): ^^^^^^^^^^^^^ NameError: name 'is_palindrome' is not defined. Did you mean: 'make_palindrome'? | O4: ```python def make_palindrome(string: str) -> str: """ Find the shortest palindrome that begins with a supplied string. Algorithm idea is simple: - Find the longest postfix of supplied string that is a palindrome. - Append to the end of the string reverse of a string prefix that comes after the palindromic suffix. >>> make_palindrome('') '' >>> make_palindrome('cat') 'catac' >>> make_palindrome('cata') 'catac' """ n = len(string) for i in range(n, -1, -1): if is_palindrome(string[:i]): return string + string[i-1::-1] return string ```
A5: HumanEval/10 | B5: 111 | C5: if | D5: n | E5: 1.1748339 | F5: 0.05148676 | G5: 0.83786848 | H5: 0 | I5: 1 | J5: 1 | K5: 1 | L5: 0 | M5: 3.156506 | N5: Traceback (most recent call last): File "/tmp/tmpq2tbbpc9/candidate.py", line 47, in <module> check(make_palindrome) File "/tmp/tmpq2tbbpc9/candidate.py", line 40, in check assert candidate('') == '' ^^^^^^^^^^^^^ File "/tmp/tmpq2tbbpc9/candidate.py", line 27, in make_palindrome if is_palindrome(string[:i]): ^^^^^^^^^^^^^ NameError: name 'is_palindrome' is not defined. Did you mean: 'make_palindrome'? | O5: ```python def make_palindrome(string: str) -> str: """ Find the shortest palindrome that begins with a supplied string. Algorithm idea is simple: - Find the longest postfix of supplied string that is a palindrome. - Append to the end of the string reverse of a string prefix that comes before the palindromic suffix. >>> make_palindrome('') '' >>> make_palindrome('cat') 'catac' >>> make_palindrome('cata') 'catac' """ n = len(string) for i in range(n, -1, -1): if is_palindrome(string[:i]): return string + string[i-1::-1] return string ```
A6: HumanEval/10 | B6: 84 | C6: (' | D6: (" | E6: 1.0185161e-05 | F6: 0.9999991 | G6: 0.24263039 | H6: 0 | I6: 0 | J6: 0 | K6: 0 | L6: 1 | M6: 4.9721596 | N6: Traceback (most recent call last): File "/tmp/tmppyx_qmtw/candidate.py", line 47, in <module> check(make_palindrome) File "/tmp/tmppyx_qmtw/candidate.py", line 40, in check assert candidate('') == '' ^^^^^^^^^^^^^ File "/tmp/tmppyx_qmtw/candidate.py", line 27, in make_palindrome if is_palindrome(string[:i]): ^^^^^^^^^^^^^ NameError: name 'is_palindrome' is not defined. Did you mean: 'make_palindrome'? | O6: ```python def make_palindrome(string: str) -> str: """ Find the shortest palindrome that begins with a supplied string. Algorithm idea is simple: - Find the longest postfix of supplied string that is a palindrome. - Append to the end of the string reverse of a string prefix that comes before the palindromic suffix. >>> make_palindrome('') '' >>> make_palindrome("cat") 'catac' >>> make_palindrome("cata") 'catac' """ n = len(string) for i in range(n, -1, -1): if is_palindrome(string[:i]): return string + string[i-1::-1] return string ```
A7: HumanEval/10 | B7: 100 | C7: ata | D7: ATA | E7: 1.8228478e-05 | F7: 0.99999857 | G7: 0.37301587 | H7: 0 | I7: 0 | J7: 0 | K7: 0 | L7: 1 | M7: 3.8868964 | N7: Traceback (most recent call last): File "/tmp/tmpncukrvap/candidate.py", line 47, in <module> check(make_palindrome) File "/tmp/tmpncukrvap/candidate.py", line 40, in check assert candidate('') == '' ^^^^^^^^^^^^^ File "/tmp/tmpncukrvap/candidate.py", line 27, in make_palindrome if is_palindrome(string[:i]): ^^^^^^^^^^^^^ NameError: name 'is_palindrome' is not defined. Did you mean: 'make_palindrome'? | O7: ```python def make_palindrome(string: str) -> str: """ Find the shortest palindrome that begins with a supplied string. Algorithm idea is simple: - Find the longest postfix of supplied string that is a palindrome. - Append to the end of the string reverse of a string prefix that comes before the palindromic suffix. >>> make_palindrome('') '' >>> make_palindrome('cat') 'catac' >>> make_palindrome('cATA') 'cATAc' """ n = len(string) for i in range(n, -1, -1): if is_palindrome(string[:i]): return string + string[i-1::-1] return string ```
A8: HumanEval/10 | B8: 15 | C8: """ | D8: if | E8: 0.44127956 | F8: 0.875505 | G8: 0.81179138 | H8: 0 | I8: 1 | J8: 0 | K8: 0 | L8: 0 | M8: 3.378721 | N8: Traceback (most recent call last): File "/tmp/tmpn9oec4x4/candidate.py", line 37, in <module> check(make_palindrome) File "/tmp/tmpn9oec4x4/candidate.py", line 30, in check assert candidate('') == '' ^^^^^^^^^^^^^ File "/tmp/tmpn9oec4x4/candidate.py", line 14, in make_palindrome if is_palindrome(string): ^^^^^^^^^^^^^ NameError: name 'is_palindrome' is not defined. Did you mean: 'make_palindrome'? | O8: ```python def make_palindrome(string: str) -> str: if is_palindrome(string): return string for i in range(len(string), -1, -1): if is_palindrome(string[i:]): return string + string[:i][::-1] return string ```
A9: HumanEval/10 | B9: 26 | C9: . | D9: . | E9: 0.62395263 | F9: 0.63649124 | G9: 0.63492063 | H9: 0 | I9: 0 | J9: 1 | K9: 1 | L9: 0 | M9: 3.6128863 | N9: Traceback (most recent call last): File "/tmp/tmplj1boa8n/candidate.py", line 38, in <module> check(make_palindrome) File "/tmp/tmplj1boa8n/candidate.py", line 31, in check assert candidate('') == '' ^^^^^^^^^^^^^ File "/tmp/tmplj1boa8n/candidate.py", line 15, in make_palindrome if is_palindrome(string): ^^^^^^^^^^^^^ NameError: name 'is_palindrome' is not defined. Did you mean: 'make_palindrome'? | O9: ```python def make_palindrome(string: str) -> str: """ Find the shortest palindrome that begins with a supplied string. """ if is_palindrome(string): return string for i in range(len(string), -1, -1): if is_palindrome(string[:i]): return string + string[i-1::-1] return string ```
A10: HumanEval/10 | B10: 128 | C10: ), | D10: )): | E10: 0.73185289 | F10: 0.26996803 | G10: 0.75283447 | H10: 0 | I10: 0 | J10: 1 | K10: 1 | L10: 0 | M10: 2.0281003 | N10: Traceback (most recent call last): File "/tmp/tmpg58cw_vv/candidate.py", line 48, in <module> check(make_palindrome) File "/tmp/tmpg58cw_vv/candidate.py", line 41, in check assert candidate('') == '' ^^^^^^^^^^^^^ File "/tmp/tmpg58cw_vv/candidate.py", line 25, in make_palindrome if is_palindrome(string): ^^^^^^^^^^^^^ NameError: name 'is_palindrome' is not defined. Did you mean: 'make_palindrome'? | O10: ```python def make_palindrome(string: str) -> str: """ Find the shortest palindrome that begins with a supplied string. Algorithm idea is simple: - Find the longest postfix of supplied string that is a palindrome. - Append to the end of the string reverse of a string prefix that comes before the palindromic suffix. >>> make_palindrome('') '' >>> make_palindrome('cat') 'catac' >>> make_palindrome('cata') 'catac' """ if is_palindrome(string): return string for i in range(len(string)): if is_palindrome(string[i:]): return string + string[:i][::-1] return string ```
A11: HumanEval/10 | B11: 120 | E11: 1.0525669 | F11: 0.11145568 | G11: 0.12018141 | H11: 0 | I11: 0 | J11: 1 | K11: 1 | L11: 0 | M11: 2.6961181 | N11: Traceback (most recent call last): File "/tmp/tmp8__blhf2/candidate.py", line 48, in <module> check(make_palindrome) File "/tmp/tmp8__blhf2/candidate.py", line 41, in check assert candidate('') == '' ^^^^^^^^^^^^^ File "/tmp/tmp8__blhf2/candidate.py", line 25, in make_palindrome if is_palindrome(string): ^^^^^^^^^^^^^ NameError: name 'is_palindrome' is not defined. Did you mean: 'make_palindrome'? | O11: ```python def make_palindrome(string: str) -> str: """ Find the shortest palindrome that begins with a supplied string. Algorithm idea is simple: - Find the longest postfix of supplied string that is a palindrome. - Append to the end of the string reverse of a string prefix that comes before the palindromic suffix. >>> make_palindrome('') '' >>> make_palindrome('cat') 'catac' >>> make_palindrome('cata') 'catac' """ if is_palindrome(string): return string for i in range(len(string), -1, -1): if is_palindrome(string[i:]): return string + string[:i][::-1] ```
A12: HumanEval/10 | B12: 73 | C12: make | D12: assert | E12: 0.00015936809 | F12: 0.99998596 | G12: 0.69954649 | H12: 0 | I12: 0 | J12: 0 | K12: 0 | L12: 1 | M12: 5.9190355 | N12: Traceback (most recent call last): File "/tmp/tmp7r77g615/candidate.py", line 44, in <module> check(make_palindrome) File "/tmp/tmp7r77g615/candidate.py", line 37, in check assert candidate('') == '' ^^^^^^^^^^^^^ File "/tmp/tmp7r77g615/candidate.py", line 24, in make_palindrome if is_palindrome(string[:i]): ^^^^^^^^^^^^^ NameError: name 'is_palindrome' is not defined. Did you mean: 'make_palindrome'? | O12: ```python def make_palindrome(string: str) -> str: """ Find the shortest palindrome that begins with a supplied string. Algorithm idea is simple: - Find the longest postfix of supplied string that is a palindrome. - Append to the end of the string reverse of a string prefix that comes before the palindromic suffix. >>> assert make_palindrome('') == '' >>> assert make_palindrome('cat') == 'catac' >>> assert make_palindrome('cata') == 'catac' """ n = len(string) for i in range(n, -1, -1): if is_palindrome(string[:i]): return string + string[i-1::-1] return string ```
A13: HumanEval/10 | B13: 28 | C13: Algorithm | D13: """ | E13: 0.036888678 | F13: 0.9919888 | G13: 0.84353741 | H13: 0 | I13: 1 | J13: 0 | K13: 0 | L13: 0 | M13: 3.4922165 | N13: Traceback (most recent call last): File "/tmp/tmp0xc776e3/candidate.py", line 40, in <module> check(make_palindrome) File "/tmp/tmp0xc776e3/candidate.py", line 33, in check assert candidate('') == '' ^^^^^^^^^^^^^ File "/tmp/tmp0xc776e3/candidate.py", line 16, in make_palindrome if is_palindrome(string): ^^^^^^^^^^^^^ NameError: name 'is_palindrome' is not defined. Did you mean: 'make_palindrome'? | O13: ```python def make_palindrome(string: str) -> str: """ Find the shortest palindrome that begins with a supplied string. """ if is_palindrome(string): return string for i in range(len(string), -1, -1): if is_palindrome(string[:i]): prefix = string[i:] return string + prefix[::-1] ```
A14: HumanEval/10 | B14: 137 | C14: is | D14: string | E14: 0.0019857921 | F14: 0.99961708 | G14: 0.87188209 | H14: 0 | I14: 1 | J14: 0 | K14: 0 | L14: 0 | M14: 2.1254514 | N14: Traceback (most recent call last): File "/tmp/tmp_zu3t31_/candidate.py", line 48, in <module> check(make_palindrome) File "/tmp/tmp_zu3t31_/candidate.py", line 41, in check assert candidate('') == '' ^^^^^^^^^^^^^ File "/tmp/tmp_zu3t31_/candidate.py", line 25, in make_palindrome if is_palindrome(string): ^^^^^^^^^^^^^ NameError: name 'is_palindrome' is not defined. Did you mean: 'make_palindrome'? | O14: ```python def make_palindrome(string: str) -> str: """ Find the shortest palindrome that begins with a supplied string. Algorithm idea is simple: - Find the longest postfix of supplied string that is a palindrome. - Append to the end of the string reverse of a string prefix that comes before the palindromic suffix. >>> make_palindrome('') '' >>> make_palindrome('cat') 'catac' >>> make_palindrome('cata') 'catac' """ if is_palindrome(string): return string for i in range(len(string), -1, -1): if string[:i] == string[:i][::-1]: return string + string[i:][::-1] return string ```
A15: HumanEval/10 | B15: 37 | C15: longest | D15: long | E15: 3.5784782e-05 | F15: 0.9999966 | G15: 0.68594104 | H15: 0 | I15: 0 | J15: 0 | K15: 0 | L15: 1 | M15: 0.39287185 | N15: SyntaxError: unterminated triple-quoted string literal (detected at line 4) at line 2 | O15: ```python def make_palindrome(string: str) -> str: """ Find the shortest palindrome that begins with a supplied string. Algorithm idea is simple: - Find the longes ```
A16: HumanEval/121 | B16: 3 | C16: ): | D16: ): | E16: 0.036144357 | F16: 0.98873042 | G16: 0.725 | H16: 0 | I16: 1 | J16: 1 | K16: 1 | L16: 0 | M16: 2.1141102 | N16: Traceback (most recent call last): File "/tmp/tmpzae3fsbd/candidate.py", line 31, in <module> check(solution) File "/tmp/tmpzae3fsbd/candidate.py", line 19, in check assert candidate([5, 8, 7, 1]) == 12 ^^^^^^^^^^^^^^^^^^^^^^^^^^^^^^^^ AssertionError | O16: def solution(lst): return sum(x for i, x in enumerate(lst) if i % 2 == 1 and x % 2 == 1)
A17: HumanEval/121 | B17: 21 | C17: == | D17: != | E17: 0.0048796809 | F17: 0.9989759 | G17: 0.55 | H17: 0 | I17: 0 | J17: 0 | K17: 0 | L17: 1 | M17: 0.89068943 | N17: Traceback (most recent call last): File "/tmp/tmpxhuvxapt/candidate.py", line 31, in <module> check(solution) File "/tmp/tmpxhuvxapt/candidate.py", line 19, in check assert candidate([5, 8, 7, 1]) == 12 ^^^^^^^^^^^^^^^^^^^^^^^^^^^^^^^^ AssertionError | O17: def solution(lst): return sum(x for i, x in enumerate(lst) if i % 2 != 0 and x % 2 != 0)
A18: HumanEval/121 | B18: 9 | C18: i | D18: idx | E18: 0.012348763 | F18: 0.99723253 | G18: 0.24166667 | H18: 0 | I18: 0 | J18: 1 | K18: 1 | L18: 0 | M18: 1.6602809 | N18: Traceback (most recent call last): File "/tmp/tmpu3gw4yz1/candidate.py", line 31, in <module> check(solution) File "/tmp/tmpu3gw4yz1/candidate.py", line 19, in check assert candidate([5, 8, 7, 1]) == 12 ^^^^^^^^^^^^^^^^^^^^^^^^^^^^^^^^ AssertionError | O18: def solution(lst): return sum(x for idx, x in enumerate(lst) if idx % 2 == 1 and x % 2 == 1)
A19: HumanEval/121 | B19: 10 | C19: , | D19: ,x | E19: 0.001049726 | F19: 0.99983181 | G19: 0.64166667 | H19: 0 | I19: 0 | J19: 0 | K19: 0 | L19: 1 | M19: 1.5325147 | N19: Traceback (most recent call last): File "/tmp/tmpq2k1y2ll/candidate.py", line 31, in <module> check(solution) File "/tmp/tmpq2k1y2ll/candidate.py", line 19, in check assert candidate([5, 8, 7, 1]) == 12 ^^^^^^^^^^^^^^^^^^^^^^^^^^^^^^^^ AssertionError | O19: def solution(lst): return sum(x for i,x in enumerate(lst) if i % 2 == 1 and x % 2 == 1)
A20: HumanEval/121 | B20: 7 | C20: (x | D20: (lst | E20: 1.0632418 | F20: 0.068631291 | G20: 0.68333333 | H20: 0 | I20: 0 | J20: 1 | K20: 1 | L20: 0 | M20: 1.8581984 | N20: Traceback (most recent call last): File "/tmp/tmpi4hx_voi/candidate.py", line 31, in <module> check(solution) File "/tmp/tmpi4hx_voi/candidate.py", line 19, in check assert candidate([5, 8, 7, 1]) == 12 ^^^^^^^^^^^^^^^^^^^^^^^^^^^^^^^^ AssertionError | O20: def solution(lst): return sum(lst[i] for i in range(1, len(lst), 2) if lst[i] % 2 != 0)
A21: HumanEval/121 | B21: 19 | D21: 2 | E21: 5.0591289e-06 | F21: 0.99999948 | G21: 0.525 | H21: 0 | I21: 0 | J21: 0 | K21: 0 | L21: 1 | M21: 0.94877693 | N21: Traceback (most recent call last): File "/tmp/tmpcaira2i2/candidate.py", line 31, in <module> check(solution) File "/tmp/tmpcaira2i2/candidate.py", line 19, in check assert candidate([5, 8, 7, 1]) == 12 ^^^^^^^^^^^^^^^^^^^^^^^^^^^^^^^^ AssertionError | O21: def solution(lst): return sum(x for i, x in enumerate(lst) if i %2 == 1 and x % 2 == 1)
A22: HumanEval/121 | B22: 5 | C22: return | D22: """ | E22: 0.21295615 | F22: 0.91028087 | G22: 0.775 | H22: 0 | I22: 1 | J22: 1 | K22: 1 | L22: 0 | M22: 8.0423988 | N22: Traceback (most recent call last): File "/tmp/tmpb_si98xo/candidate.py", line 39, in <module> check(solution) File "/tmp/tmpb_si98xo/candidate.py", line 27, in check assert candidate([5, 8, 7, 1]) == 12 ^^^^^^^^^^^^^^^^^^^^^^^^^^^^^^^^ AssertionError | O22: def solution(lst): """Given a non-empty list of integers, return the sum of all of the odd elements that are in even positions. Examples solution([5, 8, 7, 1]) ==> 12 solution([3, 3, 3, 3, 3]) ==> 9 solution([30, 13, 24, 321]) ==>0 """ return sum(x for i, x in enumerate(lst) if i % 2 == 1 and x % 2 == 1)
A23: HumanEval/121 | B23: 16 | C23: if | D23: if | E23: 8.9630485e-05 | F23: 0.99999302 | G23: 0.23333333 | H23: 0 | I23: 0 | J23: 0 | K23: 0 | L23: 1 | M23: 1.212545 | N23: Traceback (most recent call last): File "/tmp/tmp91688d4f/candidate.py", line 31, in <module> check(solution) File "/tmp/tmp91688d4f/candidate.py", line 19, in check assert candidate([5, 8, 7, 1]) == 12 ^^^^^^^^^^^^^^^^^^^^^^^^^^^^^^^^ AssertionError | O23: def solution(lst): return sum(x for i, x in enumerate(lst) if i % 2 == 1 and x % 2 == 1)
A24: HumanEval/121 | B24: 15 | C24: ) | D24: , | E24: 0.042899508 | F24: 0.9866134 | G24: 0.81666667 | H24: 0 | I24: 1 | J24: 1 | K24: 1 | L24: 0 | M24: 1.5358419 | N24: Traceback (most recent call last): File "/tmp/tmp7b7xevqo/candidate.py", line 31, in <module> check(solution) File "/tmp/tmp7b7xevqo/candidate.py", line 19, in check assert candidate([5, 8, 7, 1]) == 12 ^^^^^^^^^^^^^^^^^^^^^^^^^^^^^^^^ AssertionError | O24: def solution(lst): return sum(x for i, x in enumerate(lst, start=1) if i % 2 == 0 and x % 2 != 0)
A25: HumanEval/121 | B25: 12 | C25: in | E25: 1.704301e-05 | F25: 0.99999865 | G25: 0.68333333 | H25: 0 | I25: 1 | J25: 0 | K25: 0 | L25: 0 | M25: 1.5301485 | N25: Traceback (most recent call last): File "/tmp/tmp3cvhs9go/candidate.py", line 31, in <module> check(solution) File "/tmp/tmp3cvhs9go/candidate.py", line 19, in check assert candidate([5, 8, 7, 1]) == 12 ^^^^^^^^^^^^^^^^^^^^^^^^^^^^^^^^ AssertionError | O25: def solution(lst): return sum(x for i, x in enumerate(lst) if i % 2 == 1 and x % 2 == 1)
A26: HumanEval/121 | B26: 13 | C26: enumerate | D26: enumerate | E26: 6.5375956e-05 | F26: 0.99999099 | G26: 0.15833333 | H26: 0 | I26: 0 | J26: 0 | K26: 0 | L26: 1 | M26: 1.4029302 | N26: SyntaxError: invalid syntax. Perhaps you forgot a comma? at line 2 | O26: def solution(lst): return sum(x for i, x inenumerate(lst) if i % 2 == 1 and x % 2 == 1)
A27: HumanEval/121 | B27: 20 | C27: 2 | E27: 1.7421501e-06 | F27: 0.99999981 | G27: 0.7 | H27: 1 | I27: 1 | J27: 0 | K27: 0 | L27: 0 | M27: 1.0180145 | O27: def solution(lst): return sum(x for i, x in enumerate(lst) if i % 2 == 0 and x % 2 != 0)
A28: HumanEval/127 | B28: 13 | C28: = | D28: 1 | E28: 1.0629148 | F28: 0.31427641 | G28: 0.70068027 | H28: 0 | I28: 0 | J28: 1 | K28: 1 | L28: 0 | M28: 8.4817299 | N28: Traceback (most recent call last): File "/tmp/tmpzr58v98n/candidate.py", line 44, in <module> check(intersection) File "/tmp/tmpzr58v98n/candidate.py", line 32, in check assert candidate((-1, 1), (0, 4)) == "NO" ^^^^^^^^^^^^^^^^^^^^^^^^^^^^^^^^^^ AssertionError | O28: ```python def intersection(interval1, interval2): start1, end1 = interval1 start2, end2 = interval2 max_start = max(start1, start2) min_end = min(end1, end2) if max_start > min_end: return "NO" intersection_length = min_end - max_start + 1 if intersection_length < 2: return "NO" for i in range(2, int(intersection_length**0.5) + 1): if intersection_length % i == 0: return "NO" return "YES" ```
A29: HumanEval/127 | B29: 95 | C29: i | E29: 1.2316206e-05 | F29: 0.9999988 | G29: 0.62414966 | H29: 0 | I29: 0 | J29: 0 | K29: 0 | L29: 1 | M29: 1.5049397 | N29: Traceback (most recent call last): File "/tmp/tmpybt1l3sj/candidate.py", line 42, in <module> check(intersection) File "/tmp/tmpybt1l3sj/candidate.py", line 30, in check assert candidate((-1, 1), (0, 4)) == "NO" ^^^^^^^^^^^^^^^^^^^^^^^^^^^^^^^^^^ AssertionError | O29: ```python def intersection(interval1, interval2): start = max(interval1[0], interval2[0]) end = min(interval1[1], interval2[1]) if start > end: return "NO" length = end - start + 1 if length < 2: return "NO" for i in range(2, int(length**0.5) + 1): if length % 2 == 0: return "NO" return "YES" ```
A30: HumanEval/127 | B30: 93 | C30: length | D30: (length | E30: 0.00019773521 | F30: 0.9999792 | G30: 0.27040816 | H30: 0 | I30: 0 | J30: 0 | K30: 0 | L30: 1 | M30: 1.4830828 | N30: Traceback (most recent call last): File "/tmp/tmpumtqm5yo/candidate.py", line 42, in <module> check(intersection) File "/tmp/tmpumtqm5yo/candidate.py", line 30, in check assert candidate((-1, 1), (0, 4)) == "NO" ^^^^^^^^^^^^^^^^^^^^^^^^^^^^^^^^^^ AssertionError | O30: ```python def intersection(interval1, interval2): start = max(interval1[0], interval2[0]) end = min(interval1[1], interval2[1]) if start > end: return "NO" length = end - start + 1 if length < 2: return "NO" for i in range(2, int(length**0.5) + 1): if(length % i == 0): return "NO" return "YES" ```
A31: HumanEval/127 | B31: 40 | C31: if | D31: length | E31: 0.43975449 | F31: 0.68729168 | G31: 0.82482993 | H31: 0 | I31: 0 | J31: 0 | K31: 1 | L31: 0 | M31: 4.1087328 | N31: Traceback (most recent call last): File "/tmp/tmpuet4yzcw/candidate.py", line 40, in <module> check(intersection) File "/tmp/tmpuet4yzcw/candidate.py", line 28, in check assert candidate((-1, 1), (0, 4)) == "NO" ^^^^^^^^^^^^^^^^^^^^^^^^^^^^^^^^^^ AssertionError | O31: ```python def intersection(interval1, interval2): start = max(interval1[0], interval2[0]) end = min(interval1[1], interval2[1]) length = end - start if length <= 0: return "NO" for i in range(2, int(length**0.5) + 1): if length % i == 0: return "NO" return "YES" ```
A32: HumanEval/127 | B32: 19 | C32: ], | D32: ] | E32: 3.8610586e-05 | F32: 0.99999522 | G32: 0.85204082 | H32: 0 | I32: 1 | J32: 0 | K32: 0 | L32: 0 | M32: 6.6565266 | N32: Traceback (most recent call last): File "/tmp/tmpstqddtij/candidate.py", line 40, in <module> check(intersection) File "/tmp/tmpstqddtij/candidate.py", line 27, in check assert candidate((1, 2), (2, 3)) == "NO" ^^^^^^^^^^^^^^^^^^^^^^^^^^^^^^^^^ AssertionError | O32: ```python def intersection(interval1, interval2): start = max(interval1[0] - 1, interval2[0] - 1) end = min(interval1[1] + 1, interval2[1] + 1) length = end - start if length <= 0: return "NO" for i in range(2, int(length**0.5) + 1): if length % i == 0: return "NO" return "YES" ```
A33: HumanEval/127 | B33: 4 | C33: intersection | D33: is | E33: 0.75529456 | F33: 0.046423346 | G33: 0.82142857 | H33: 0 | I33: 0 | J33: 1 | K33: 1 | L33: 0 | M33: 11.74757 | N33: Traceback (most recent call last): File "/tmp/tmplt1yvc86/candidate.py", line 37, in <module> check(intersection) File "/tmp/tmplt1yvc86/candidate.py", line 24, in check assert candidate((1, 2), (2, 3)) == "NO" ^^^^^^^^^^^^^^^^^^^^^^^^^ File "/tmp/tmplt1yvc86/candidate.py", line 19, in intersection return "YES" if is_prime(length) else "NO" ^^^^^^^^ NameError: name 'is_prime' is not defined | O33: ```python def is_prime(n): if n <= 1: return False if n <= 3: return True if n % 2 == 0 or n % 3 == 0: return False i = 5 while i * i <= n: if n % i == 0 or n % (i + 2) == 0: return False i += 6 return True def intersection(interval1, interval2): start = max(interval1[0], interval2[0]) end = min(interval1[1], interval2[1]) if start > end: return "NO" length = end - start + 1 return "YES" if is_prime(length) else "NO" ```
A34: HumanEval/127 | B34: 12 | C34: start | D34: def | E34: 0.59849674 | F34: 0.79444835 | G34: 0.86394558 | H34: 0 | I34: 1 | J34: 1 | K34: 0 | L34: 0 | M34: 8.1377504 | N34: Traceback (most recent call last): File "/tmp/tmpgwlqcafs/candidate.py", line 45, in <module> check(intersection) File "/tmp/tmpgwlqcafs/candidate.py", line 33, in check assert candidate((-1, 1), (0, 4)) == "NO" ^^^^^^^^^^^^^^^^^^^^^^^^^^^^^^^^^^ AssertionError | O34: ```python def intersection(interval1, interval2): def is_prime(n): if n <= 1: return False for i in range(2, int(n**0.5) + 1): if n % i == 0: return False return True start = max(interval1[0], interval2[0]) end = min(interval1[1], interval2[1]) if start > end: return "NO" length = end - start + 1 return "YES" if is_prime(length) else "NO" ```
A35: HumanEval/127 | B35: 33 | C35: ], | D35: ] | E35: 1.0297249e-05 | F35: 0.99999907 | G35: 0.85884354 | H35: 0 | I35: 1 | J35: 0 | K35: 0 | L35: 0 | M35: 5.12077 | N35: Traceback (most recent call last): File "/tmp/tmpc2w5e72o/candidate.py", line 40, in <module> check(intersection) File "/tmp/tmpc2w5e72o/candidate.py", line 27, in check assert candidate((1, 2), (2, 3)) == "NO" ^^^^^^^^^^^^^^^^^^^^^^^^^^^^^^^^^ AssertionError | O35: ```python def intersection(interval1, interval2): start = max(interval1[0], interval2[0]) end = min(interval1[1] + 1, interval2[1] + 1) length = end - start if length <= 0: return "NO" for i in range(2, int(length**0.5) + 1): if length % i == 0: return "NO" return "YES" ```
A36: HumanEval/127 | B36: 31 | C36: [ | D36: [- | E36: 2.2216278e-05 | F36: 0.99999724 | G36: 0.42176871 | H36: 0 | I36: 0 | J36: 0 | K36: 0 | L36: 1 | M36: 5.6542055 | N36: Traceback (most recent call last): File "/tmp/tmpb0s_5agm/candidate.py", line 42, in <module> check(intersection) File "/tmp/tmpb0s_5agm/candidate.py", line 30, in check assert candidate((-1, 1), (0, 4)) == "NO" ^^^^^^^^^^^^^^^^^^^^^^^^^^^^^^^^^^ AssertionError | O36: ```python def intersection(interval1, interval2): start = max(interval1[0], interval2[0]) end = min(interval1[-1], interval2[-1]) if start > end: return "NO" length = end - start + 1 if length < 2: return "NO" for i in range(2, int(length**0.5) + 1): if length % i == 0: return "NO" return "YES" ```
A37: HumanEval/127 | B37: 66 | C37: : | D37: or | E37: 0.0013835767 | F37: 0.99979001 | G37: 0.84183673 | H37: 0 | I37: 1 | J37: 0 | K37: 0 | L37: 0 | M37: 2.7656712 | N37: Traceback (most recent call last): File "/tmp/tmp9ska_djk/candidate.py", line 39, in <module> check(intersection) File "/tmp/tmp9ska_djk/candidate.py", line 27, in check assert candidate((-1, 1), (0, 4)) == "NO" ^^^^^^^^^^^^^^^^^^^^^^^^^^^^^^^^^^ AssertionError | O37: ```python def intersection(interval1, interval2): start = max(interval1[0], interval2[0]) end = min(interval1[1], interval2[1]) if start > end: return "NO" length = end - start + 1 if length < 2 or any(length % i == 0 for i in range(2, int(length**0.5) + 1)): return "NO" return "YES" ```
A38: HumanEval/127 | B38: 3 | C38: def | D38: from | E38: 0.2501063 | F38: 0.89897214 | G38: 0.85714286 | H38: 0 | I38: 1 | J38: 0 | K38: 0 | L38: 0 | M38: 12.166534 | N38: Traceback (most recent call last): File "/tmp/tmp8qgnih1k/candidate.py", line 39, in <module> check(intersection) File "/tmp/tmp8qgnih1k/candidate.py", line 26, in check assert candidate((1, 2), (2, 3)) == "NO" ^^^^^^^^^^^^^^^^^^^^^^^^^ File "/tmp/tmp8qgnih1k/candidate.py", line 21, in intersection return "YES" if is_prime(length) else "NO" ^^^^^^^^ NameError: name 'is_prime' is not defined | O38: ```python from math import sqrt def is_prime(n): if n <= 1: return False if n <= 3: return True if n % 2 == 0 or n % 3 == 0: return False i = 5 while i * i <= n: if n % i == 0 or n % (i + 2) == 0: return False i += 6 return True def intersection(interval1, interval2): start = max(interval1[0], interval2[0]) end = min(interval1[1], interval2[1]) if start > end: return "NO" length = end - start + 1 return "YES" if is_prime(length) else "NO" ```
A39: HumanEval/127 | B39: 63 | C39: < | D39: <= | E39: 0.54454237 | F39: 0.63570322 | G39: 0.53401361 | H39: 0 | I39: 0 | J39: 1 | K39: 1 | L39: 0 | M39: 3.5026132 | N39: Traceback (most recent call last): File "/tmp/tmp7lbnqnye/candidate.py", line 42, in <module> check(intersection) File "/tmp/tmp7lbnqnye/candidate.py", line 30, in check assert candidate((-1, 1), (0, 4)) == "NO" ^^^^^^^^^^^^^^^^^^^^^^^^^^^^^^^^^^ AssertionError | O39: ```python def intersection(interval1, interval2): start = max(interval1[0], interval2[0]) end = min(interval1[1], interval2[1]) if start > end: return "NO" length = end - start + 1 if length <= 1: return "NO" for i in range(2, int(length**0.5) + 1): if length % i == 0: return "NO" return "YES" ```
A40: HumanEval/127 | B40: 82 | C40: ** | D40: ** | E40: 0.4576456 | F40: 0.65787379 | G40: 0.61564626 | H40: 0 | I40: 0 | J40: 1 | K40: 1 | L40: 0 | M40: 2.2895274 | N40: Traceback (most recent call last): File "/tmp/tmp64g9smfh/candidate.py", line 42, in <module> check(intersection) File "/tmp/tmp64g9smfh/candidate.py", line 30, in check assert candidate((-1, 1), (0, 4)) == "NO" ^^^^^^^^^^^^^^^^^^^^^^^^^^^^^^^^^^ AssertionError | O40: ```python def intersection(interval1, interval2): start = max(interval1[0], interval2[0]) end = min(interval1[1], interval2[1]) if start > end: return "NO" length = end - start + 1 if length < 2: return "NO" for i in range(2, int(length ** 0.5) + 1): if length % i == 0: return "NO" return "YES" ```
A41: HumanEval/127 | B41: 55 | C41: start | D41: start | E41: 1.3993867e-05 | F41: 0.9999991 | G41: 0.17176871 | H41: 0 | I41: 0 | J41: 0 | K41: 0 | L41: 1 | M41: 4.0322594 | N41: Traceback (most recent call last): File "/tmp/tmp3gi0ve8r/candidate.py", line 42, in <module> check(intersection) File "/tmp/tmp3gi0ve8r/candidate.py", line 30, in check assert candidate((-1, 1), (0, 4)) == "NO" ^^^^^^^^^^^^^^^^^^^^^^^^^^^^^^^^^^ AssertionError | O41: ```python def intersection(interval1, interval2): start = max(interval1[0], interval2[0]) end = min(interval1[1], interval2[1]) if start > end: return "NO" length = end -start + 1 if length < 2: return "NO" for i in range(2, int(length**0.5) + 1): if length % i == 0: return "NO" return "YES" ```
... A45: HumanEval/130 | B45: 105 | C45: (result | D45: (sum | E45: 0.0025540772 | F45: 0.99954958 | G45: 0.82763533 | H45: 0 | I45: 1 | J45: 0 | K45: 0 | L45: 0 | M45: 1.0068566 | N45: Traceback (most recent call last): File "/tmp/tmpuus2eoqs/candidate.py", line 47, in <module> check(tri) File "/tmp/tmpuus2eoqs/candidate.py", line 33, in check assert candidate(3) == [1, 3, 2.0, 8.0] ^^^^^^^^^^^^^^^^^^^^^^^^^^^^^^^^ AssertionError | O45: ```python def tri(n): if n == 0: return [1] elif n == 1: return [1, 3] elif n == 2: return [1, 3, 2] result = [1, 3, 2] for i in range(3, n + 1): if i % 2 == 0: result.append(1 + i / 2) else: result.append(sum(result[-3:])) return result ```
A46: HumanEval/130 | B46: 82 | D46: 2 | E46: 3.2909422e-06 | F46: 0.99999982 | G46: 0.52564103 | H46: 0 | I46: 0 | J46: 0 | K46: 0 | L46: 1 | M46: 3.4426157 | N46: Traceback (most recent call last): File "/tmp/tmpq94kk7d5/candidate.py", line 47, in <module> check(tri) File "/tmp/tmpq94kk7d5/candidate.py", line 33, in check assert candidate(3) == [1, 3, 2.0, 8.0] ^^^^^^^^^^^^ File "/tmp/tmpq94kk7d5/candidate.py", line 26, in tri result.append(result[i - 1] + result[i - 2] + result[i + 1]) ~~~~~~^^^^^^^ IndexError: list index out of range | O46: ```python def tri(n): if n == 0: return [1] elif n == 1: return [1, 3] elif n == 2: return [1, 3, 2] result = [1, 3, 2] for i in range(3, n + 1): if i %2 == 0: result.append(1 + i / 2) else: result.append(result[i - 1] + result[i - 2] + result[i + 1]) return result ```
A47: HumanEval/130 | B47: 54 | C47: result | D47: sequence | E47: 1.7681677 | F47: 0.18970235 | G47: 0.1025641 | H47: 0 | I47: 0 | J47: 1 | K47: 1 | L47: 0 | M47: 5.4011505 | N47: Traceback (most recent call last): File "/tmp/tmpf89h30ku/candidate.py", line 47, in <module> check(tri) File "/tmp/tmpf89h30ku/candidate.py", line 33, in check assert candidate(3) == [1, 3, 2.0, 8.0] ^^^^^^^^^^^^ File "/tmp/tmpf89h30ku/candidate.py", line 26, in tri sequence.append(sequence[i - 1] + sequence[i - 2] + sequence[i + 1]) ~~~~~~~~^^^^^^^ IndexError: list index out of range | O47: ```python def tri(n): if n == 0: return [1] elif n == 1: return [1, 3] elif n == 2: return [1, 3, 2] sequence = [1, 3, 2] for i in range(3, n + 1): if i % 2 == 0: sequence.append(1 + i / 2) else: sequence.append(sequence[i - 1] + sequence[i - 2] + sequence[i + 1]) return sequence ```
A48: HumanEval/130 | B48: 116 | C48: 2 | D48: 3 | E48: 7.1964205e-05 | F48: 0.99998982 | G48: 0.45584046 | H48: 0 | I48: 0 | J48: 0 | K48: 0 | L48: 1 | M48: 1.2964528 | N48: Traceback (most recent call last): File "/tmp/tmpf6l8szsb/candidate.py", line 47, in <module> check(tri) File "/tmp/tmpf6l8szsb/candidate.py", line 33, in check assert candidate(3) == [1, 3, 2.0, 8.0] ^^^^^^^^^^^^^^^^^^^^^^^^^^^^^^^^ AssertionError | O48: ```python def tri(n): if n == 0: return [1] elif n == 1: return [1, 3] elif n == 2: return [1, 3, 2] result = [1, 3, 2] for i in range(3, n + 1): if i % 2 == 0: result.append(1 + i / 2) else: result.append(result[i - 1] + result[i - 3] + result[i - 2]) return result ```
A49: HumanEval/130 | B49: 52 | E49: 0.69377863 | F49: 0.1011509 | G49: 0.5968661 | H49: 0 | I49: 0 | J49: 1 | K49: 1 | L49: 0 | M49: 5.6674462 | N49: Traceback (most recent call last): File "/tmp/tmpf1jx69z8/candidate.py", line 47, in <module> check(tri) File "/tmp/tmpf1jx69z8/candidate.py", line 33, in check assert candidate(3) == [1, 3, 2.0, 8.0] ^^^^^^^^^^^^ File "/tmp/tmpf1jx69z8/candidate.py", line 26, in tri result.append(result[i - 1] + result[i - 2] + result[i + 1]) ~~~~~~^^^^^^^ IndexError: list index out of range | O49: ```python def tri(n): if n == 0: return [1] elif n == 1: return [1, 3] elif n == 2: return [1, 3, 2] else: result = [1, 3, 2] for i in range(3, n + 1): if i % 2 == 0: result.append(1 + i / 2) else: result.append(result[i - 1] + result[i - 2] + result[i + 1]) return result ```
A50: HumanEval/130 | B50: 34 | E50: 0.53738904 | F50: 0.5489739 | G50: 0.75071225 | H50: 0 | I50: 0 | J50: 1 | K50: 1 | L50: 0 | M50: 5.5340803 | N50: Traceback (most recent call last): File "/tmp/tmp8bch90sg/candidate.py", line 45, in <module> check(tri) File "/tmp/tmp8bch90sg/candidate.py", line 31, in check assert candidate(3) == [1, 3, 2.0, 8.0] ^^^^^^^^^^^^ File "/tmp/tmp8bch90sg/candidate.py", line 24, in tri result.append(result[i - 1] + result[i - 2] + result[i + 1]) ~~~~~~^^^^^^^ IndexError: list index out of range | O50: ```python def tri(n): if n == 0: return [1] elif n == 1: return [1, 3] result = [1, 3, 2] for i in range(3, n + 1): if i % 2 == 0: result.append(1 + i / 2) else: result.append(result[i - 1] + result[i - 2] + result[i + 1]) return result ```
A51: HumanEval/130 | B51: 35 | C51: elif | D51: result | E51: 1.1520902 | F51: 0.492966 | G51: 0.85327635 | H51: 0 | I51: 1 | J51: 1 | K51: 1 | L51: 0 | M51: 5.4095665 | N51: Traceback (most recent call last): File "/tmp/tmp7z8km2ad/candidate.py", line 44, in <module> check(tri) File "/tmp/tmp7z8km2ad/candidate.py", line 30, in check assert candidate(3) == [1, 3, 2.0, 8.0] ^^^^^^^^^^^^ File "/tmp/tmp7z8km2ad/candidate.py", line 23, in tri result.append(result[i - 1] + result[i - 2] + result[i + 1]) ~~~~~~^^^^^^^ IndexError: list index out of range | O51: ```python def tri(n): if n == 0: return [1] elif n == 1: return [1, 3] result = [1, 3, 2] for i in range(3, n + 1): if i % 2 == 0: result.append(1 + i / 2) else: result.append(result[i - 1] + result[i - 2] + result[i + 1]) return result ```
A52: HumanEval/130 | B52: 112 | C52: result | E52: 6.482505e-05 | F52: 0.99999494 | G52: 0.81766382 | H52: 0 | I52: 1 | J52: 0 | K52: 0 | L52: 0 | M52: 1.2142859 | N52: Traceback (most recent call last): File "/tmp/tmp5mcs1oju/candidate.py", line 47, in <module> check(tri) File "/tmp/tmp5mcs1oju/candidate.py", line 35, in check assert candidate(5) == [1, 3, 2.0, 8.0, 3.0, 15.0] ^^^^^^^^^^^^^^^^^^^^^^^^^^^^^^^^^^^^^^^^^^^ AssertionError | O52: ```python def tri(n): if n == 0: return [1] elif n == 1: return [1, 3] elif n == 2: return [1, 3, 2] result = [1, 3, 2] for i in range(3, n + 1): if i % 2 == 0: result.append(1 + i / 2) else: result.append(result[i - 1] + 3 + result[i - 2]) return result ```
A53: HumanEval/130 | B53: 77 | C53: ): | D53: , | E53: 0.00051256071 | F53: 0.9999487 | G53: 0.68376068 | H53: 0 | I53: 0 | J53: 0 | K53: 0 | L53: 1 | M53: 3.2322895 | N53: Traceback (most recent call last): File "/tmp/tmp1qy2alj4/candidate.py", line 46, in <module> check(tri) File "/tmp/tmp1qy2alj4/candidate.py", line 32, in check assert candidate(3) == [1, 3, 2.0, 8.0] ^^^^^^^^^^^^^^^^^^^^^^^^^^^^^^^^ AssertionError | O53: ```python def tri(n): if n == 0: return [1] elif n == 1: return [1, 3] elif n == 2: return [1, 3, 2] result = [1, 3, 2] for i in range(3, n + 1, 2): result.append(result[i - 1] + result[i - 2] + result[i - 3]) result.append(1 + i / 2) return result ```
A54: HumanEval/130 | B54: 70 | C54: ( | D54: (n | E54: 0.00017741496 | F54: 0.99998077 | G54: 0.84615385 | H54: 0 | I54: 1 | J54: 0 | K54: 0 | L54: 1 | M54: 4.4466436 | N54: Traceback (most recent call last): File "/tmp/tmp0z7_1jd2/candidate.py", line 47, in <module> check(tri) File "/tmp/tmp0z7_1jd2/candidate.py", line 33, in check assert candidate(3) == [1, 3, 2.0, 8.0] ^^^^^^^^^^^^^^^^^^^^^^^^^^^^^^^^ AssertionError | O54: ```python def tri(n): if n == 0: return [1] elif n == 1: return [1, 3] elif n == 2: return [1, 3, 2] result = [1, 3, 2] for i in range(n - 2): if i % 2 == 0: result.append(1 + (i + 4) / 2) else: result.append(result[i - 1] + result[i - 2] + result[i + 1]) return result ```
A55: HumanEval/130 | B55: 23 | D55: 1 | E55: 7.9077101e-05 | F55: 0.99998938 | G55: 0.51709402 | H55: 0 | I55: 0 | J55: 0 | K55: 0 | L55: 1 | M55: 7.5563767 | N55: Traceback (most recent call last): File "/tmp/tmp0axasn0j/candidate.py", line 47, in <module> check(tri) File "/tmp/tmp0axasn0j/candidate.py", line 33, in check assert candidate(3) == [1, 3, 2.0, 8.0] ^^^^^^^^^^^^ File "/tmp/tmp0axasn0j/candidate.py", line 26, in tri result.append(result[i - 1] + result[i - 2] + result[i + 1]) ~~~~~~^^^^^^^ IndexError: list index out of range | O55: ```python def tri(n): if n == 0: return [1] elif n ==1: return [1, 3] elif n == 2: return [1, 3, 2] else: result = [1, 3, 2] for i in range(3, n + 1): if i % 2 == 0: result.append(1 + i / 2) else: result.append(result[i - 1] + result[i - 2] + result[i + 1]) return result ```
A56: HumanEval/137 | B56: 9 | C56: _float | D56: = | E56: 1.5207865 | F56: 0.12120187 | G56: 0.41851852 | H56: 0 | I56: 0 | J56: 1 | K56: 1 | L56: 0 | M56: 2.419635 | N56: Traceback (most recent call last): File "/tmp/tmpzo37h0_l/candidate.py", line 37, in <module> check(compare_one) File "/tmp/tmpzo37h0_l/candidate.py", line 23, in check assert candidate(1, 2) == 2 ^^^^^^^^^^^^^^^ File "/tmp/tmpzo37h0_l/candidate.py", line 14, in compare_one a = float(a.replace(',', '.')) ^^^^^^^^^ AttributeError: 'int' object has no attribute 'replace' | O56: def compare_one(a, b): a = float(a.replace(',', '.')) b = float(b.replace(',', '.')) if a == b: return None return a if a > b else b
A57: HumanEval/137 | B57: 37 | C57: return | D57: return | E57: 1.3151938e-05 | F57: 0.99999904 | G57: 0.15925926 | H57: 0 | I57: 0 | J57: 0 | K57: 0 | L57: 1 | M57: 1.5047151 | N57: Traceback (most recent call last): File "/tmp/tmpyfeifz7a/candidate.py", line 41, in <module> check(compare_one) File "/tmp/tmpyfeifz7a/candidate.py", line 27, in check assert candidate(1, 2) == 2 ^^^^^^^^^^^^^^^ File "/tmp/tmpyfeifz7a/candidate.py", line 14, in compare_one a_float = float(a.replace(',', '.')) ^^^^^^^^^ AttributeError: 'int' object has no attribute 'replace' | O57: def compare_one(a, b): a_float = float(a.replace(',', '.')) b_float = float(b.replace(',', '.')) if a_float == b_float: return None elif a_float > b_float: return a else: return b
A58: HumanEval/137 | B58: 32 | C58: == | D58: > | E58: 0.51900029 | F58: 0.58554122 | G58: 0.44074074 | H58: 0 | I58: 0 | J58: 1 | K58: 1 | L58: 0 | M58: 1.8567861 | N58: Traceback (most recent call last): File "/tmp/tmpuh4cmi_c/candidate.py", line 41, in <module> check(compare_one) File "/tmp/tmpuh4cmi_c/candidate.py", line 27, in check assert candidate(1, 2) == 2 ^^^^^^^^^^^^^^^ File "/tmp/tmpuh4cmi_c/candidate.py", line 14, in compare_one a_float = float(a.replace(',', '.')) ^^^^^^^^^ AttributeError: 'int' object has no attribute 'replace' | O58: def compare_one(a, b): a_float = float(a.replace(',', '.')) b_float = float(b.replace(',', '.')) if a_float > b_float: return a elif b_float > a_float: return b else: return None
A59: HumanEval/137 | B59: 30 | C59: a | D59: abs | E59: 0.00024480891 | F59: 0.99996947 | G59: 0.87777778 | H59: 0 | I59: 1 | J59: 0 | K59: 0 | L59: 0 | M59: 2.5113933 | N59: Traceback (most recent call last): File "/tmp/tmppkecnc3z/candidate.py", line 41, in <module> check(compare_one) File "/tmp/tmppkecnc3z/candidate.py", line 27, in check assert candidate(1, 2) == 2 ^^^^^^^^^^^^^^^ File "/tmp/tmppkecnc3z/candidate.py", line 14, in compare_one a_float = float(a.replace(',', '.')) ^^^^^^^^^ AttributeError: 'int' object has no attribute 'replace' | O59: def compare_one(a, b): a_float = float(a.replace(',', '.')) b_float = float(b.replace(',', '.')) if abs(a_float - b_float) < 1e-9: return None elif a_float > b_float: return a else: return b
A60: HumanEval/137 | B60: 33 | C60: b | D60: a | E60: 4.1579227e-05 | F60: 0.99999559 | G60: 0.85185185 | H60: 0 | I60: 1 | J60: 0 | K60: 0 | L60: 0 | M60: 2.0454057 | N60: Traceback (most recent call last): File "/tmp/tmpjvvy5tym/candidate.py", line 41, in <module> check(compare_one) File "/tmp/tmpjvvy5tym/candidate.py", line 27, in check assert candidate(1, 2) == 2 ^^^^^^^^^^^^^^^ File "/tmp/tmpjvvy5tym/candidate.py", line 14, in compare_one a_float = float(a.replace(',', '.')) ^^^^^^^^^ AttributeError: 'int' object has no attribute 'replace' | O60: def compare_one(a, b): a_float = float(a.replace(',', '.')) b_float = float(b.replace(',', '.')) if a_float == a and b_float == b: return None elif a_float > b_float: return a else: return b
A61: HumanEval/137 | B61: 41 | C61: elif | D61: else | E61: 0.10755733 | F61: 0.96882324 | G61: 0.82962963 | H61: 0 | I61: 1 | J61: 0 | K61: 0 | L61: 0 | M61: 0.97910126 | N61: Traceback (most recent call last): File "/tmp/tmpfysq_rtf/candidate.py", line 39, in <module> check(compare_one) File "/tmp/tmpfysq_rtf/candidate.py", line 25, in check assert candidate(1, 2) == 2 ^^^^^^^^^^^^^^^ File "/tmp/tmpfysq_rtf/candidate.py", line 14, in compare_one a_float = float(a.replace(',', '.')) ^^^^^^^^^ AttributeError: 'int' object has no attribute 'replace' | O61: def compare_one(a, b): a_float = float(a.replace(',', '.')) b_float = float(b.replace(',', '.')) if a_float == b_float: return None else: return a if a_float > b_float else b
A62: HumanEval/137 | B62: 42 | C62: a | D62: abs | E62: 0.001396947 | F62: 0.99975556 | G62: 0.87777778 | H62: 0 | I62: 1 | J62: 0 | K62: 0 | L62: 0 | M62: 2.2514961 | N62: Traceback (most recent call last): File "/tmp/tmpapz4a891/candidate.py", line 41, in <module> check(compare_one) File "/tmp/tmpapz4a891/candidate.py", line 27, in check assert candidate(1, 2) == 2 ^^^^^^^^^^^^^^^ File "/tmp/tmpapz4a891/candidate.py", line 14, in compare_one a_float = float(a.replace(',', '.')) ^^^^^^^^^ AttributeError: 'int' object has no attribute 'replace' | O62: def compare_one(a, b): a_float = float(a.replace(',', '.')) b_float = float(b.replace(',', '.')) if a_float == b_float: return None elif abs(a_float - b_float) < 1e-9: return None else: return a if a_float > b_float else b
A63: HumanEval/137 | B63: 27 | E63: 0.6937291 | F63: 0.070174187 | G63: 0.51851852 | H63: 0 | I63: 0 | J63: 1 | K63: 1 | L63: 0 | M63: 2.0995074 | N63: Traceback (most recent call last): File "/tmp/tmp85wgzr8y/candidate.py", line 40, in <module> check(compare_one) File "/tmp/tmp85wgzr8y/candidate.py", line 26, in check assert candidate(1, 2) == 2 ^^^^^^^^^^^^^^^ File "/tmp/tmp85wgzr8y/candidate.py", line 14, in compare_one a_float = float(a.replace(',', '.')) ^^^^^^^^^ AttributeError: 'int' object has no attribute 'replace' | O63: def compare_one(a, b): a_float = float(a.replace(',', '.')) b_float = float(b.replace(',', '.')) if a_float == b_float: return None elif a_float > b_float: return a else: return b
A64: HumanEval/137 | B64: 25 | C64: '. | D64: '.' | E64: 0.096577682 | F64: 0.96109485 | G64: 0.62222222 | H64: 0 | I64: 0 | J64: 0 | K64: 0 | L64: 1 | M64: 2.2347688 | N64: Traceback (most recent call last): File "/tmp/tmp6jkkjbmj/candidate.py", line 41, in <module> check(compare_one) File "/tmp/tmp6jkkjbmj/candidate.py", line 27, in check assert candidate(1, 2) == 2 ^^^^^^^^^^^^^^^ File "/tmp/tmp6jkkjbmj/candidate.py", line 14, in compare_one a_float = float(a.replace(',', '.')) ^^^^^^^^^ AttributeError: 'int' object has no attribute 'replace' | O64: def compare_one(a, b): a_float = float(a.replace(',', '.')) b_float = float(b.replace(',', '.')) if a_float == b_float: return None elif a_float > b_float: return a else: return b
A65: HumanEval/137 | B65: 29 | C65: if | D65: return | E65: 0.0002399714 | F65: 0.99997262 | G65: 0.74074074 | H65: 0 | I65: 0 | J65: 0 | K65: 0 | L65: 1 | M65: 1.3108305 | N65: Traceback (most recent call last): File "/tmp/tmp5f89iktp/candidate.py", line 36, in <module> check(compare_one) File "/tmp/tmp5f89iktp/candidate.py", line 22, in check assert candidate(1, 2) == 2 ^^^^^^^^^^^^^^^ File "/tmp/tmp5f89iktp/candidate.py", line 14, in compare_one a_float = float(a.replace(',', '.')) ^^^^^^^^^ AttributeError: 'int' object has no attribute 'replace' | O65: def compare_one(a, b): a_float = float(a.replace(',', '.')) b_float = float(b.replace(',', '.')) return a if a_float > b_float else b if b_float > a_float else None
A66: HumanEval/137 | B66: 34 | C66: _float | D66: Float | E66: 5.9064008e-05 | F66: 0.99999422 | G66: 0.11481481 | H66: 0 | I66: 0 | J66: 0 | K66: 0 | L66: 1 | M66: 1.7083633 | N66: SyntaxError: invalid syntax at line 5 | O66: def compare_one(a, b): a_float = float(a.replace(',', '.')) b_float = float(b.replace(',', '.')) if a_float == b Float: return None elif a_float > b_float: return a else: return b
A67: HumanEval/137 | B67: 12 | C67: (a | D67: (str | E67: 0.84094751 | F67: 0.12896433 | G67: 0.71481481 | H67: 1 | I67: 0 | J67: 1 | K67: 1 | L67: 1 | M67: 3.4208826 | O67: def compare_one(a, b): a_float = float(str(a).replace(',', '.')) b_float = float(str(b).replace(',', '.')) if a_float == b_float: return None elif a_float > b_float: return a else: return b
A68: HumanEval/137 | B68: 8 | C68: a | D68: def | E68: 1.578877 | F68: 0.029187828 | G68: 0.81851852 | H68: 1 | I68: 1 | J68: 1 | K68: 1 | L68: 0 | M68: 5.2803363 | O68: def compare_one(a, b): def parse_value(val): if isinstance(val, str): val = val.replace(',', '.') return float(val) return float(val) a_val = parse_value(a) b_val = parse_value(b) if a_val == b_val: return None elif a_val > b_val: return a else: return b
A69: HumanEval/140 | B69: 4 | C69: ): | D69: ): | E69: 0.031544764 | F69: 0.99089681 | G69: 0.5952381 | H69: 0 | I69: 1 | J69: 1 | K69: 1 | L69: 0 | M69: 1.1972789 | N69: Traceback (most recent call last): File "/tmp/tmpy7_slroa/candidate.py", line 29, in <module> check(fix_spaces) File "/tmp/tmpy7_slroa/candidate.py", line 20, in check assert candidate("Mudasir Hanif ") == "Mudasir_Hanif_", "This prints if this assert fails 2 (good for debugging!)" ^^^^^^^^^^^^^^^^^^^^^^^^^^^^^^^^^^^^^^^^^^^^^^^ AssertionError: This prints if this assert fails 2 (good for debugging!) | O69: def fix_spaces(text): return '-'.join(text.split(' ')).replace(' ', '_')
A70: HumanEval/140 | B70: 8 | C70: '. | D70: '+ | E70: 0.00050442771 | F70: 0.99993406 | G70: 0.73809524 | H70: 0 | I70: 1 | J70: 1 | K70: 1 | L70: 1 | M70: 0.94620767 | N70: Traceback (most recent call last): File "/tmp/tmpn7m99utl/candidate.py", line 29, in <module> check(fix_spaces) File "/tmp/tmpn7m99utl/candidate.py", line 19, in check assert candidate("Example") == "Example", "This prints if this assert fails 1 (good for debugging!)" ^^^^^^^^^^^^^^^^^^^^^^^^^^^^^^^^^ AssertionError: This prints if this assert fails 1 (good for debugging!) | O70: def fix_spaces(text): return '-'+text.replace(' ', '-').replace(' ', '_')
A71: HumanEval/140 | B71: 5 | E71: 0.0043581468 | F71: 0.99928836 | G71: 0.047619048 | H71: 0 | I71: 0 | J71: 1 | K71: 1 | L71: 0 | M71: 1.0632897 | N71: Traceback (most recent call last): File "/tmp/tmp9dalwrlz/candidate.py", line 29, in <module> check(fix_spaces) File "/tmp/tmp9dalwrlz/candidate.py", line 20, in check assert candidate("Mudasir Hanif ") == "Mudasir_Hanif_", "This prints if this assert fails 2 (good for debugging!)" ^^^^^^^^^^^^^^^^^^^^^^^^^^^^^^^^^^^^^^^^^^^^^^^ AssertionError: This prints if this assert fails 2 (good for debugging!) | O71: def fix_spaces(text): return '-'.join(text.split(' ')).replace(' ', '_')
A72: HumanEval/140 | B72: 9 | C72: join | D72: join | E72: 6.3539628e-05 | F72: 0.99999174 | G72: 0.095238095 | H72: 0 | I72: 0 | J72: 0 | K72: 0 | L72: 1 | M72: 0.81604064 | N72: Traceback (most recent call last): File "/tmp/tmp4er7n_8d/candidate.py", line 29, in <module> check(fix_spaces) File "/tmp/tmp4er7n_8d/candidate.py", line 20, in check assert candidate("Mudasir Hanif ") == "Mudasir_Hanif_", "This prints if this assert fails 2 (good for debugging!)" ^^^^^^^^^^^^^^^^^^^^^^^^^^^^^^^^^^^^^^^^^^^^^^^ AssertionError: This prints if this assert fails 2 (good for debugging!) | O72: def fix_spaces(text): return '-'. join(text.split(' ')).replace(' ', '_')
A73: HumanEval/140 | B73: 3 | C73: (text | D73: text | E73: 0.00011155202 | F73: 0.99999097 | G73: 0.47619048 | H73: 0 | I73: 1 | J73: 0 | K73: 0 | L73: 0 | M73: 1.1300788 | N73: SyntaxError: unmatched ')' at line 1 | O73: def fix_spaces text): return text.replace(' ', '-').replace(' ', '_')
A74: HumanEval/140 | B74: 2 | C74: _spaces | D74: Spaces | E74: 3.4082805e-05 | F74: 0.99999714 | G74: 0.42857143 | H74: 0 | I74: 0 | J74: 0 | K74: 0 | L74: 1 | M74: 1.1985465 | N74: SyntaxError: expected '(' at line 1 | O74: def fix Spaces(text): return text.replace(" ", "-").replace(" ", "_")
A75: HumanEval/140 | B75: 7 | C75: '- | D75: text | E75: 1.5942338 | F75: 0.14157423 | G75: 0.69047619 | H75: 1 | I75: 1 | J75: 1 | K75: 1 | L75: 1 | M75: 0.87577964 | O75: def fix_spaces(text): return text.replace(' ', '-').replace(' ', '_')
A76: HumanEval/140 | B76: 6 | C76: return | D76: result | E76: 1.3612921 | F76: 0.37693088 | G76: 0.92857143 | H76: 1 | I76: 1 | J76: 1 | K76: 1 | L76: 1 | M76: 7.5331457 | O76: def fix_spaces(text): result = [] consecutive_spaces = 0 for char in text: if char == " ": consecutive_spaces += 1 else: if consecutive_spaces > 2: result.append('-') elif consecutive_spaces > 0: result.extend(['_'] * consecutive_spaces) result.append(char) consecutive_spaces = 0 if consecutive_spaces > 2: result.append('-') elif consecutive_spaces > 0: result.extend(['_'] * consecutive_spaces) return ''.join(result)
A77: HumanEval/141 | B77: 2 | E77: 0.0016054859 | F77: 0.99972909 | G77: 0.58333333 | H77: 0 | I77: 0 | J77: 0 | K77: 0 | L77: 1 | M77: 0.28331502 | N77: Traceback (most recent call last): File "/tmp/tmpxse8bzj_/candidate.py", line 51, in <module> check(file_name_check) ^^^^^^^^^^^^^^^ NameError: name 'file_name_check' is not defined | O77: ```python ```
A78: HumanEval/141 | B78: 19 | C78: a | D78: A | E78: 0.015238826 | F78: 0.99576286 | G78: 0.32098765 | H78: 0 | I78: 0 | J78: 0 | K78: 0 | L78: 1 | M78: 3.479017 | N78: Traceback (most recent call last): File "/tmp/tmpwjktisd1/candidate.py", line 55, in <module> check(file_name_check) File "/tmp/tmpwjktisd1/candidate.py", line 27, in check assert candidate('His12FILE94.exe') == 'No' ^^^^^^^^^^^^^^^^^^^^^^^^^^^^^^^^^^^^ AssertionError | O78: ```python import re def file_name_check(file_name): pattern = r'^[A-Za-z][A-Za-z0-9]{0,}(\d{0,3})\.(txt|exe|dll)$' return 'Yes' if re.match(pattern, file_name) else 'No' ```
A79: HumanEval/141 | B79: 22 | C79: ][ | D79: ]+ | E79: 0.093447834 | F79: 0.97093556 | G79: 0.80246914 | H79: 0 | I79: 0 | J79: 0 | K79: 0 | L79: 1 | M79: 2.9552077 | N79: Traceback (most recent call last): File "/tmp/tmpudgmco5t/candidate.py", line 55, in <module> check(file_name_check) File "/tmp/tmpudgmco5t/candidate.py", line 26, in check assert candidate('MY16FILE3.exe') == 'Yes' ^^^^^^^^^^^^^^^^^^^^^^^^^^^^^^^^^^^ AssertionError | O79: ```python import re def file_name_check(file_name): pattern = r'^[a-zA-Z]+[a-zA-Z0-9]{0,2}\.[txt|exe|dll]{3}$' return 'Yes' if re.match(pattern, file_name) else 'No' ```
A80: HumanEval/141 | B80: 16 | C80: r | D80: re | E80: 0.3036271 | F80: 0.82207313 | G80: 0.72839506 | H80: 0 | I80: 0 | J80: 0 | K80: 1 | L80: 0 | M80: 3.2814893 | N80: Traceback (most recent call last): File "/tmp/tmpt6dcxy6_/candidate.py", line 55, in <module> check(file_name_check) File "/tmp/tmpt6dcxy6_/candidate.py", line 22, in check assert candidate("example.txt") == 'Yes' ^^^^^^^^^^^^^^^^^^^^^^^^^^^^^^^^^ AssertionError | O80: ```python import re def file_name_check(file_name): pattern = re.compile(r'^[a-zA-Z][a-zA-Z0-9]{0,2}\.[txt|exe|dll]{3}$') return 'Yes' if pattern.match(file_name) else 'No' ```
A81: HumanEval/141 | B81: 32 | C81: } | D81: 2 | E81: 1.013706 | F81: 0.014337182 | G81: 0.76851852 | H81: 0 | I81: 0 | J81: 1 | K81: 1 | L81: 0 | M81: 2.2183639 | N81: Traceback (most recent call last): File "/tmp/tmprtwij9p6/candidate.py", line 55, in <module> check(file_name_check) File "/tmp/tmprtwij9p6/candidate.py", line 22, in check assert candidate("example.txt") == 'Yes' ^^^^^^^^^^^^^^^^^^^^^^^^^^^^^^^^^ AssertionError | O81: ```python import re def file_name_check(file_name): pattern = r'^[a-zA-Z][a-zA-Z0-9]{0,2}\.[txt|exe|dll]{3}$' return 'Yes' if re.match(pattern, file_name) else 'No' ```
A82: HumanEval/141 | B82: 31 | C82: , | D82: - | E82: 2.0974976e-05 | F82: 0.99999853 | G82: 0.85185185 | H82: 0 | I82: 1 | J82: 0 | K82: 0 | L82: 0 | M82: 2.2710244 | N82: Traceback (most recent call last): File "/tmp/tmpodj9kxv7/candidate.py", line 55, in <module> check(file_name_check) File "/tmp/tmpodj9kxv7/candidate.py", line 22, in check assert candidate("example.txt") == 'Yes' ^^^^^^^^^^^^^^^^^^^^^^^^^^^^^^^^^ AssertionError | O82: ```python import re def file_name_check(file_name): pattern = r'^[a-zA-Z][a-zA-Z0-9]{0-2}\.[txt|exe|dll]{3}$' return 'Yes' if re.match(pattern, file_name) else 'No' ```
A83: HumanEval/141 | B83: 23 | C83: a | D83: ^\ | E83: 0.51614034 | F83: 0.79433645 | G83: 0.76234568 | H83: 0 | I83: 0 | J83: 1 | K83: 1 | L83: 0 | M83: 2.9670692 | N83: Traceback (most recent call last): File "/tmp/tmpno5pt5v1/candidate.py", line 55, in <module> check(file_name_check) File "/tmp/tmpno5pt5v1/candidate.py", line 26, in check assert candidate('MY16FILE3.exe') == 'Yes' ^^^^^^^^^^^^^^^^^^^^^^^^^^^^^^^^^^^ AssertionError | O83: ```python import re def file_name_check(file_name): pattern = r'^[a-zA-Z][^\d]*\d{0,3}[^\d]*\.(txt|exe|dll)$' return 'Yes' if re.match(pattern, file_name) else 'No' ```
A84: HumanEval/141 | B84: 37 | C84: , | D84: - | E84: 3.6063152e-06 | F84: 0.99999978 | G84: 0.31790123 | H84: 0 | I84: 0 | J84: 0 | K84: 0 | L84: 1 | M84: 2.271267 | N84: Traceback (most recent call last): File "/tmp/tmphvddw9hu/candidate.py", line 55, in <module> check(file_name_check) File "/tmp/tmphvddw9hu/candidate.py", line 22, in check assert candidate("example.txt") == 'Yes' ^^^^^^^^^^^^^^^^^^^^^^^^^^^^^^^^^ AssertionError | O84: ```python import re def file_name_check(file_name): pattern = r'^[a-zA-Z][a-zA-Z0-9]{0,}(\d{0-3})\.(txt|exe|dll)$' return 'Yes' if re.match(pattern, file_name) else 'No' ```
A85: HumanEval/141 | B85: 39 | C85: }) | D85: }\ | E85: 0.067612208 | F85: 0.984705 | G85: 0.85493827 | H85: 0 | I85: 1 | J85: 0 | K85: 0 | L85: 0 | M85: 3.0232347 | N85: Traceback (most recent call last): File "/tmp/tmpfd8nfd8e/candidate.py", line 55, in <module> check(file_name_check) File "/tmp/tmpfd8nfd8e/candidate.py", line 22, in check assert candidate("example.txt") == 'Yes' ^^^^^^^^^^^^^^^^^^^^^^^^^^^^^^^^^ AssertionError | O85: ```python import re def file_name_check(file_name): pattern = r'^[a-zA-Z][a-zA-Z0-9]{0,}(\d{0,3}\.)[a-zA-Z0-9]{0,}(\.(txt|exe|dll))$' return 'Yes' if re.match(pattern, file_name) else 'No' ```
A86: HumanEval/141 | B86: 26 | C86: 0 | D86: ]* | E86: 0.095850579 | F86: 0.96730582 | G86: 0.85802469 | H86: 0 | I86: 1 | J86: 0 | K86: 0 | L86: 0 | M86: 2.7452795 | N86: Traceback (most recent call last): File "/tmp/tmpeu52dodq/candidate.py", line 55, in <module> check(file_name_check) File "/tmp/tmpeu52dodq/candidate.py", line 26, in check assert candidate('MY16FILE3.exe') == 'Yes' ^^^^^^^^^^^^^^^^^^^^^^^^^^^^^^^^^^^ AssertionError | O86: ```python import re def file_name_check(file_name): pattern = r'^[a-zA-Z][a-zA-Z]*[0-9]{0,3}\.[txt|exe|dll]{3}$' return 'Yes' if re.match(pattern, file_name) else 'No' ```
A87: HumanEval/141 | B87: 34 | C87: d | D87: .[ | E87: 0.50407237 | F87: 0.66132811 | G87: 0.87037037 | H87: 0 | I87: 1 | J87: 1 | K87: 1 | L87: 0 | M87: 5.3127355 | N87: Traceback (most recent call last): File "/tmp/tmpaum08jgj/candidate.py", line 59, in <module> check(file_name_check) File "/tmp/tmpaum08jgj/candidate.py", line 36, in check assert candidate('this_is_valid.txt') == 'Yes' ^^^^^^^^^^^^^^^^^^^^^^^^^^^^^^^^^^^^^^^ AssertionError | O87: ```python import re def file_name_check(file_name): pattern = r'^[a-zA-Z][a-zA-Z0-9]{0,}(\.[a-zA-Z0-9]{0,3})?$' if re.match(pattern, file_name): name, ext = file_name.rsplit('.', 1) if ext in ['txt', 'exe', 'dll'] and len(re.findall(r'\d', file_name)) <= 3: return 'Yes' return 'No' ```
A88: HumanEval/141 | B88: 44 | C88: exe | D88: dll | E88: 0.00038060988 | F88: 0.99995326 | G88: 0.2037037 | H88: 0 | I88: 0 | J88: 0 | K88: 0 | L88: 1 | M88: 1.80624 | N88: Traceback (most recent call last): File "/tmp/tmp01zu77ru/candidate.py", line 55, in <module> check(file_name_check) File "/tmp/tmp01zu77ru/candidate.py", line 27, in check assert candidate('His12FILE94.exe') == 'No' ^^^^^^^^^^^^^^^^^^^^^^^^^^^^^^^^^^^^ AssertionError | O88: ```python import re def file_name_check(file_name): pattern = r'^[a-zA-Z][a-zA-Z0-9]{0,}(\d{0,3})\.(txt|dll|exe)$' return 'Yes' if re.match(pattern, file_name) else 'No' ```
A89: HumanEval/141 | B89: 14 | C89: pattern | D89: if | E89: 0.42301023 | F89: 0.8782976 | G89: 0.82716049 | H89: 1 | I89: 1 | J89: 1 | K89: 0 | L89: 0 | M89: 6.1091572 | O89: ```python import re def file_name_check(file_name): if len(re.findall(r'\d', file_name)) > 3: return 'No' if file_name.count('.') != 1: return 'No' name, ext = file_name.split('.') if not name or not name[0].isalpha(): return 'No' if ext not in ['txt', 'exe', 'dll']: return 'No' return 'Yes' ```
A90: HumanEval/141 | B90: 3 | C90: import | D90: def | E90: 0.69309974 | F90: 0.077944875 | G90: 0.58024691 | H90: 1 | I90: 0 | J90: 1 | K90: 1 | L90: 0 | M90: 6.9355578 | O90: ```python def file_name_check(file_name): parts = file_name.split('.') if len(parts) != 2: return 'No' name, ext = parts if not name or not name[0].isalpha(): return 'No' if not ext in ['txt', 'exe', 'dll']: return 'No' if len([c for c in name if c.isdigit()]) > 3: return 'No' return 'Yes' ```
A91: HumanEval/142 | B91: 28 | D91: 0 | E91: 8.8273646e-06 | F91: 0.99999932 | G91: 0.5070922 | H91: 0 | I91: 0 | J91: 0 | K91: 0 | L91: 1 | M91: 2.2215535 | N91: Traceback (most recent call last): File "/tmp/tmpxrmfv548/candidate.py", line 42, in <module> check(sum_squares) File "/tmp/tmpxrmfv548/candidate.py", line 26, in check assert candidate([1,2,3]) == 6 ^^^^^^^^^^^^^^^^^^^^^^^ AssertionError | O91: def sum_squares(lst): total = 0 for i, num in enumerate(lst): if i % 3 ==0: total += num ** 2 elif i % 4 == 0: total += num ** 3 return total
A92: HumanEval/142 | B92: 13 | C92: for | D92: n | E92: 0.0011822199 | F92: 0.99986463 | G92: 0.85815603 | H92: 0 | I92: 1 | J92: 0 | K92: 0 | L92: 0 | M92: 3.8181742 | N92: Traceback (most recent call last): File "/tmp/tmpo2r5nwr7/candidate.py", line 43, in <module> check(sum_squares) File "/tmp/tmpo2r5nwr7/candidate.py", line 27, in check assert candidate([1,2,3]) == 6 ^^^^^^^^^^^^^^^^^^^^^^^ AssertionError | O92: def sum_squares(lst): total = 0 n = len(lst) for i in range(n): if i % 3 == 0: total += lst[i] ** 2 elif i % 4 == 0: total += lst[i] ** 3 return total
A93: HumanEval/142 | B93: 23 | C93: i | D93: ( | E93: 0.0021161891 | F93: 0.99959292 | G93: 0.76241135 | H93: 0 | I93: 1 | J93: 0 | K93: 0 | L93: 1 | M93: 3.8291475 | N93: Traceback (most recent call last): File "/tmp/tmpdkahxwnk/candidate.py", line 44, in <module> check(sum_squares) File "/tmp/tmpdkahxwnk/candidate.py", line 28, in check assert candidate([1,2,3]) == 6 ^^^^^^^^^^^^^^^^^^^^^^^ AssertionError | O93: def sum_squares(lst): total = 0 for i, num in enumerate(lst): if (i + 1) % 3 == 0: total += num ** 2 elif (i + 1) % 4 == 0: total += num ** 3 else: total += num return total
A94: HumanEval/142 | B94: 16 | C94: num | D94: x | E94: 0.76214141 | F94: 0.32966155 | G94: 0.11702128 | H94: 0 | I94: 0 | J94: 1 | K94: 1 | L94: 0 | M94: 3.0850257 | N94: Traceback (most recent call last): File "/tmp/tmpdf59l6ck/candidate.py", line 42, in <module> check(sum_squares) File "/tmp/tmpdf59l6ck/candidate.py", line 26, in check assert candidate([1,2,3]) == 6 ^^^^^^^^^^^^^^^^^^^^^^^ AssertionError | O94: def sum_squares(lst): total = 0 for i, x in enumerate(lst): if i % 3 == 0: total += x ** 2 elif i % 4 == 0: total += x ** 3 return total
A95: HumanEval/142 | B95: 29 | C95: 0 | D95: 3 | E95: 0.00017352501 | F95: 0.99998036 | G95: 0.31914894 | H95: 0 | I95: 0 | J95: 0 | K95: 0 | L95: 1 | M95: 2.7755524 | N95: Traceback (most recent call last): File "/tmp/tmpa1bgtg9o/candidate.py", line 44, in <module> check(sum_squares) File "/tmp/tmpa1bgtg9o/candidate.py", line 32, in check assert candidate([-1,-1,-1,-1,-1,-1,-1,-1,-1]) == -3 ^^^^^^^^^^^^^^^^^^^^^^^^^^^^^^^^^^^^^^^^^^^^^ AssertionError | O95: def sum_squares(lst): total = 0 for i, num in enumerate(lst): if i % 3 == 3: total += num ** 2 elif i % 4 == 0: total += num ** 3 else: total += num return total
A96: HumanEval/142 | B96: 30 | C96: : | D96: and | E96: 0.022099026 | F96: 0.99359723 | G96: 0.70921986 | H96: 0 | I96: 0 | J96: 0 | K96: 0 | L96: 1 | M96: 3.247546 | N96: Traceback (most recent call last): File "/tmp/tmp9xqepr8l/candidate.py", line 44, in <module> check(sum_squares) File "/tmp/tmp9xqepr8l/candidate.py", line 32, in check assert candidate([-1,-1,-1,-1,-1,-1,-1,-1,-1]) == -3 ^^^^^^^^^^^^^^^^^^^^^^^^^^^^^^^^^^^^^^^^^^^^^ AssertionError | O96: def sum_squares(lst): total = 0 for i, num in enumerate(lst): if i % 3 == 0 and i % 4 != 0: total += num ** 2 elif i % 4 == 0: total += num ** 3 else: total += num return total
A97: HumanEval/142 | B97: 15 | C97: , | D97: in | E97: 0.12026704 | F97: 0.9487846 | G97: 0.81914894 | H97: 0 | I97: 1 | J97: 0 | K97: 0 | L97: 0 | M97: 3.3437898 | N97: Traceback (most recent call last): File "/tmp/tmp70pnoq5b/candidate.py", line 42, in <module> check(sum_squares) File "/tmp/tmp70pnoq5b/candidate.py", line 26, in check assert candidate([1,2,3]) == 6 ^^^^^^^^^^^^^^^^^^^^^^^ AssertionError | O97: def sum_squares(lst): total = 0 for i in range(len(lst)): if i % 3 == 0: total += lst[i] ** 2 elif i % 4 == 0: total += lst[i] ** 3 return total
A98: HumanEval/142 | B98: 14 | C98: i | D98: index | E98: 0.24991119 | F98: 0.88452734 | G98: 0.20921986 | H98: 0 | I98: 0 | J98: 1 | K98: 1 | L98: 0 | M98: 3.2128268 | N98: Traceback (most recent call last): File "/tmp/tmp32q_vz8b/candidate.py", line 42, in <module> check(sum_squares) File "/tmp/tmp32q_vz8b/candidate.py", line 26, in check assert candidate([1,2,3]) == 6 ^^^^^^^^^^^^^^^^^^^^^^^ AssertionError | O98: def sum_squares(lst): total = 0 for index, value in enumerate(lst): if index % 3 == 0: total += value ** 2 elif index % 4 == 0: total += value ** 3 return total
A99: HumanEval/142 | B99: 18 | C99: enumerate | D99: enumerate | E99: 2.4355568e-05 | F99: 0.99999686 | G99: 0.11702128 | H99: 0 | I99: 0 | J99: 0 | K99: 0 | L99: 1 | M99: 3.4904307 | N99: SyntaxError: invalid syntax at line 3 | O99: def sum_squares(lst): total = 0 for i, num inenumerate(lst): if i % 3 == 0: total += num ** 2 elif i % 4 == 0: total += num ** 3 else: total += num return total
A100: HumanEval/142 | B100: 48 | C100: : | D100: and | E100: 0.14254077 | F100: 0.93575792 | G100: 0.69503546 | H100: 1 | I100: 0 | J100: 1 | K100: 1 | L100: 0 | M100: 2.0565006 | O100: def sum_squares(lst): total = 0 for i, num in enumerate(lst): if i % 3 == 0: total += num ** 2 elif i % 4 == 0 and i % 3 != 0: total += num ** 3 else: total += num return total
A101: HumanEval/142 | B101: 7 | C101: total | D101: return | E101: 1.1614816 | F101: 0.16132611 | G101: 0.91134752 | H101: 1 | I101: 1 | J101: 1 | K101: 1 | L101: 0 | M101: 2.4511977 | O101: def sum_squares(lst): return sum(x**2 if i % 3 == 0 else x**3 if i % 4 == 0 else x for i, x in enumerate(lst))
A102: HumanEval/142 | B102: 6 | E102: 0.0072486401 | F102: 0.99871789 | G102: 0.90425532 | H102: 1 | I102: 1 | J102: 0 | K102: 0 | L102: 0 | M102: 2.5018534 | O102: def sum_squares(lst): return sum(x**2 if i % 3 == 0 else x**3 if i % 4 == 0 else x for i, x in enumerate(lst))
A103: HumanEval/142 | B103: 8 | C103: = | D103: _sum | E103: 0.25510284 | F103: 0.86417569 | G103: 0.68439716 | H103: 1 | I103: 0 | J103: 1 | K103: 1 | L103: 0 | M103: 4.4705119 | O103: def sum_squares(lst): total_sum = 0 for i, num in enumerate(lst): if i % 3 == 0: total_sum += num ** 2 elif i % 4 == 0: total_sum += num ** 3 else: total_sum += num return total_sum
...

Sheet Lookaheads
A1: task_id | B1: position | C1: top1_token | D1: top2_token | E1: entropy | F1: probability_margin | G1: semantic_score | H1: persistence | I1: semantic_divergence | J1: anchor_score | K1: full_branch_evaluated | L1: branch_passed | M1: estado
A2: HumanEval/10 | B2: 2 | E2: 0.014560952 | F2: 0.99666296 | H2: 0 | I2: 0 | J2: 0 | K2: 0 | M2: No evaluada completa
A3: HumanEval/10 | B3: 3 | C3: def | E3: 0.11586246 | F3: 0.96962449 | H3: 1 | I3: 0.49166667 | J3: 0 | K3: 0 | M3: No evaluada completa
A4: HumanEval/10 | B4: 4 | C4: make | D4: is | E4: 0.61209083 | F4: 0.52107523 | H4: 0.090909091 | I4: 0.1 | J4: 0.66666667 | K4: 1 | L4: 0 | M4: FAIL
A5: HumanEval/10 | B5: 5 | C5: _pal | D5: _short | E5: 0.00012350109 | F5: 0.99998518 | H5: 1 | I5: 0.40833333 | J5: 0.66666667 | K5: 0 | M5: No evaluada completa
A6: HumanEval/10 | B6: 6 | C6: indrome | D6: ind | E6: 1.6407572e-05 | F6: 0.99999863 | H6: 1 | I6: 0.43333333 | J6: 0.66666667 | K6: 0 | M6: No evaluada completa
A7: HumanEval/10 | B7: 7 | C7: (string | D7: (s | E7: 0.097741313 | F7: 0.96050802 | H7: 0.36363636 | I7: 0.225 | J7: 0.66666667 | K7: 0 | M7: No evaluada completa
A8: HumanEval/10 | B8: 8 | C8: : | D8: ): | E8: 0.0073655555 | F8: 0.99823438 | H8: 1 | I8: 0.42916667 | J8: 1 | K8: 0 | M8: No evaluada completa
A9: HumanEval/10 | B9: 9 | C9: str | E9: 3.6844984e-05 | F9: 0.99999647 | H9: 1 | I9: 0.47916667 | J9: 0.25925926 | K9: 0 | M9: No evaluada completa
A10: HumanEval/10 | B10: 10 | C10: ) | D10: ): | E10: 0.00013379272 | F10: 0.99998478 | H10: 1 | I10: 0.33333333 | J10: 0.83539095 | K10: 0 | M10: No evaluada completa
A11: HumanEval/10 | B11: 11 | C11: -> | D11: - | E11: 3.8421022e-05 | F11: 0.99999642 | H11: 1 | I11: 0.41666667 | J11: 1 | K11: 0 | M11: No evaluada completa
A12: HumanEval/10 | B12: 12 | C12: str | D12: str | E12: 3.4173827e-05 | F12: 0.99999726 | H12: 0 | I12: 0.016666667 | J12: 0 | K12: 0 | M12: No evaluada completa
A13: HumanEval/10 | B13: 13 | C13: : | D13: : | E13: 0.0012630292 | F13: 0.99979846 | H13: 1 | I13: 0.35 | J13: 0 | K13: 0 | M13: No evaluada completa
A14: HumanEval/10 | B14: 14 | E14: 0.00069862511 | F14: 0.99992859 | H14: 0 | I14: 0 | J14: 0 | K14: 0 | M14: No evaluada completa
A15: HumanEval/10 | B15: 15 | C15: """ | D15: if | E15: 0.44127956 | F15: 0.875505 | H15: 1 | I15: 0.44583333 | J15: 1 | K15: 1 | L15: 0 | M15: FAIL
A16: HumanEval/10 | B16: 16 | C16: Find | D16: Find | E16: 0.023189679 | F16: 0.99515881 | H16: 0.090909091 | I16: 0.016666667 | J16: 0 | K16: 0 | M16: No evaluada completa
A17: HumanEval/10 | B17: 17 | C17: the | D17: shortest | E17: 1.4650514e-05 | F17: 0.99999899 | H17: 1 | I17: 0.35 | J17: 0.66666667 | K17: 0 | M17: No evaluada completa
A18: HumanEval/10 | B18: 18 | C18: shortest | D18: short | E18: 0.00017582695 | F18: 0.99998333 | H18: 1 | I18: 0.35 | J18: 0.35 | K18: 0 | M18: No evaluada completa
A19: HumanEval/10 | B19: 19 | C19: palindrome | D19: palette | E19: 1.2845256e-05 | F19: 0.99999905 | H19: 0 | I19: 0.016666667 | J19: 0 | K19: 0 | M19: No evaluada completa
A20: HumanEval/10 | B20: 20 | C20: that | D20: starting | E20: 0.00032816222 | F20: 0.9999636 | H20: 1 | I20: 0.48333333 | J20: 0.8 | K20: 0 | M20: No evaluada completa
A21: HumanEval/10 | B21: 21 | C21: begins | D21: beings | E21: 0.00043616333 | F21: 0.99993268 | H21: 0 | I21: 0.016666667 | J21: 0 | K21: 0 | M21: No evaluada completa
A22: HumanEval/10 | B22: 22 | C22: with | D22: with | E22: 6.0473045e-05 | F22: 0.99999548 | H22: 0 | I22: 0.083333333 | J22: 0 | K22: 0 | M22: No evaluada completa
A23: HumanEval/10 | B23: 23 | C23: a | D23: the | E23: 0.0025024146 | F23: 0.9994772 | H23: 0.72727273 | I23: 0.22083333 | J23: 0.80099502 | K23: 0 | M23: No evaluada completa
A24: HumanEval/10 | B24: 24 | C24: supplied | D24: given | E24: 1.6934007e-05 | F24: 0.99999864 | H24: 0.81818182 | I24: 0.24166667 | J24: 0.94029851 | K24: 0 | M24: No evaluada completa
A25: HumanEval/10 | B25: 25 | C25: string | E25: 6.6826658e-05 | F25: 0.99999459 | H25: 1 | I25: 0.40833333 | J25: 0 | K25: 0 | M25: No evaluada completa
A26: HumanEval/10 | B26: 26 | C26: . | D26: . | E26: 0.62395263 | F26: 0.63649124 | H26: 0.90909091 | I26: 0.325 | J26: 1 | K26: 1 | L26: 0 | M26: FAIL
A27: HumanEval/10 | B27: 27 | E27: 0.0038050155 | F27: 0.99934694 | H27: 0.090909091 | I27: 0 | J27: 0 | K27: 0 | M27: No evaluada completa
A28: HumanEval/10 | B28: 28 | C28: Algorithm | D28: """ | E28: 0.036888678 | F28: 0.9919888 | H28: 1 | I28: 0.49583333 | J28: 1 | K28: 1 | L28: 0 | M28: FAIL
A29: HumanEval/10 | B29: 29 | C29: idea | D29: : | E29: 8.8860732e-05 | F29: 0.99999246 | H29: 1 | I29: 0.35416667 | J29: 0.45918367 | K29: 0 | M29: No evaluada completa
A30: HumanEval/10 | B30: 30 | C30: is | D30: : | E30: 0.00044771412 | F30: 0.99992546 | H30: 1 | I30: 0.35 | J30: 0 | K30: 0 | M30: No evaluada completa
A31: HumanEval/10 | B31: 31 | C31: simple | D31: as | E31: 0.0017705953 | F31: 0.99973761 | H31: 1 | I31: 0.325 | J31: 0.5 | K31: 0 | M31: No evaluada completa
A32: HumanEval/10 | B32: 32 | C32: : | D32: : | E32: 6.6286942e-05 | F32: 0.99999208 | H32: 1 | I32: 0.325 | J32: 0.32142857 | K32: 0 | M32: No evaluada completa
A33: HumanEval/10 | B33: 33 | E33: 0.00021466559 | F33: 0.99996615 | H33: 0 | I33: 0 | J33: 0 | K33: 0 | M33: No evaluada completa
A34: HumanEval/10 | B34: 34 | C34: - | D34: """ | E34: 0.00010912886 | F34: 0.99998914 | H34: 1 | I34: 0.50833333 | J34: 1 | K34: 1 | L34: 0 | M34: FAIL
A35: HumanEval/10 | B35: 35 | C35: Find | D35: Find | E35: 3.66436e-05 | F35: 0.99999719 | H35: 0 | I35: 0.016666667 | J35: 0 | K35: 0 | M35: No evaluada completa
A36: HumanEval/10 | B36: 36 | C36: the | D36: longest | E36: 5.5269302e-06 | F36: 0.99999961 | H36: 1 | I36: 0.325 | J36: 0.5 | K36: 0 | M36: No evaluada completa
A37: HumanEval/10 | B37: 37 | C37: longest | D37: long | E37: 3.5784782e-05 | F37: 0.9999966 | H37: 1 | I37: 0.47083333 | J37: 0.18367347 | K37: 1 | L37: 0 | M37: FAIL
A38: HumanEval/10 | B38: 38 | C38: postfix | D38: prefix | E38: 0.0024135287 | F38: 0.99967077 | H38: 0 | I38: 0.016666667 | J38: 0 | K38: 0 | M38: No evaluada completa
A39: HumanEval/10 | B39: 39 | C39: of | D39: that | E39: 0.00016248351 | F39: 0.99997582 | H39: 1 | I39: 0.41666667 | J39: 0 | K39: 0 | M39: No evaluada completa
A40: HumanEval/10 | B40: 40 | C40: supplied | D40: the | E40: 0.00025288545 | F40: 0.99995925 | H40: 1 | I40: 0.39166667 | J40: 0 | K40: 0 | M40: No evaluada completa
A41: HumanEval/10 | B41: 41 | C41: string | D41: string | E41: 2.7873022e-05 | F41: 0.99999806 | H41: 0 | I41: 0.016666667 | J41: 0 | K41: 0 | M41: No evaluada completa
A42: HumanEval/10 | B42: 42 | C42: that | E42: 4.5309156e-05 | F42: 0.99999683 | H42: 1 | I42: 0.52083333 | J42: 0.18367347 | K42: 0 | M42: No evaluada completa
A43: HumanEval/10 | B43: 43 | C43: is | E43: 2.954266e-05 | F43: 0.99999789 | H43: 1 | I43: 0.47916667 | J43: 0.18367347 | K43: 0 | M43: No evaluada completa
A44: HumanEval/10 | B44: 44 | C44: a | E44: 4.4749235e-05 | F44: 0.99999635 | H44: 1 | I44: 0.47916667 | J44: 0.31034483 | K44: 0 | M44: No evaluada completa
A45: HumanEval/10 | B45: 45 | C45: palindrome | D45: pal | E45: 0.00033641484 | F45: 0.99994903 | H45: 1 | I45: 0.28333333 | J45: 0 | K45: 0 | M45: No evaluada completa
A46: HumanEval/10 | B46: 46 | C46: . | D46: . | E46: 0.00014471381 | F46: 0.99998227 | H46: 1 | I46: 0.5 | J46: 0.31034483 | K46: 0 | M46: No evaluada completa
A47: HumanEval/10 | B47: 47 | E47: 3.6369849e-05 | F47: 0.99999619 | H47: 1 | I47: 0.25416667 | J47: 1 | K47: 0 | M47: No evaluada completa
A48: HumanEval/10 | B48: 48 | C48: - | D48: """ | E48: 1.6471115e-05 | F48: 0.99999832 | H48: 1 | I48: 0.44166667 | J48: 1 | K48: 0 | M48: No evaluada completa
A49: HumanEval/10 | B49: 49 | C49: Append | D49: Append | E49: 4.986643e-05 | F49: 0.99999621 | H49: 0 | I49: 0.016666667 | J49: 0 | K49: 0 | M49: No evaluada completa
A50: HumanEval/10 | B50: 50 | C50: to | D50: the | E50: 0.0001159938 | F50: 0.99998423 | H50: 1 | I50: 0.2 | J50: 0 | K50: 0 | M50: No evaluada completa
A51: HumanEval/10 | B51: 51 | C51: the | D51: end | E51: 1.0890551e-05 | F51: 0.9999993 | H51: 1 | I51: 0.2 | J51: 0 | K51: 0 | M51: No evaluada completa
A52: HumanEval/10 | B52: 52 | C52: end | D52: string | E52: 3.8186539e-05 | F52: 0.99999686 | H52: 1 | I52: 0.2 | J52: 0 | K52: 0 | M52: No evaluada completa
A53: HumanEval/10 | B53: 53 | C53: of | D53: the | E53: 0.00031654842 | F53: 0.99994731 | H53: 1 | I53: 0.2 | J53: 0 | K53: 0 | M53: No evaluada completa
A54: HumanEval/10 | B54: 54 | C54: the | D54: string | E54: 1.4274274e-05 | F54: 0.99999849 | H54: 1 | I54: 0.2 | J54: 0 | K54: 0 | M54: No evaluada completa
A55: HumanEval/10 | B55: 55 | C55: string | D55: str | E55: 2.9994784e-05 | F55: 0.99999781 | H55: 1 | I55: 0.49583333 | J55: 0 | K55: 0 | M55: No evaluada completa
A56: HumanEval/10 | B56: 56 | C56: reverse | D56: the | E56: 0.0012783009 | F56: 0.99977387 | H56: 1 | I56: 0.2 | J56: 0 | K56: 0 | M56: No evaluada completa
A57: HumanEval/10 | B57: 57 | C57: of | E57: 1.3494366e-05 | F57: 0.99999912 | H57: 1 | I57: 0.47916667 | J57: 0 | K57: 0 | M57: No evaluada completa
A58: HumanEval/10 | B58: 58 | C58: a | D58: the | E58: 0.0056252549 | F58: 0.99871678 | H58: 0 | I58: 0.016666667 | J58: 0 | K58: 0 | M58: No evaluada completa
A59: HumanEval/10 | B59: 59 | C59: string | D59: string | E59: 0.00010099084 | F59: 0.99999122 | H59: 0 | I59: 0.016666667 | J59: 0 | K59: 0 | M59: No evaluada completa
A60: HumanEval/10 | B60: 60 | C60: prefix | D60: suffix | E60: 9.4836018e-05 | F60: 0.99998684 | H60: 0 | I60: 0.016666667 | J60: 0 | K60: 0 | M60: No evaluada completa
A61: HumanEval/10 | B61: 61 | C61: that | E61: 0.00013800927 | F61: 0.99998612 | H61: 1 | I61: 0.22083333 | J61: 0.090909091 | K61: 0 | M61: No evaluada completa
A62: HumanEval/10 | B62: 62 | C62: comes | D62: comes | E62: 7.1377857e-05 | F62: 0.99999321 | H62: 0 | I62: 0.016666667 | J62: 0 | K62: 0 | M62: No evaluada completa
A63: HumanEval/10 | B63: 63 | C63: before | D63: after | E63: 0.00044175194 | F63: 0.99993683 | H63: 0 | I63: 0.016666667 | J63: 0 | K63: 1 | L63: 0 | M63: FAIL
A64: HumanEval/10 | B64: 64 | C64: the | E64: 0.0001549463 | F64: 0.9999821 | H64: 1 | I64: 0.25 | J64: 0 | K64: 0 | M64: No evaluada completa
A65: HumanEval/10 | B65: 65 | C65: pal | D65: pal | E65: 7.8486526e-05 | F65: 0.99999167 | H65: 0 | I65: 0.016666667 | J65: 0 | K65: 0 | M65: No evaluada completa
A66: HumanEval/10 | B66: 66 | C66: ind | D66: id | E66: 3.2515039e-05 | F66: 0.99999688 | H66: 0 | I66: 0.016666667 | J66: 0 | K66: 0 | M66: No evaluada completa
A67: HumanEval/10 | B67: 67 | C67: rom | D67: rom | E67: 4.3163884e-05 | F67: 0.9999962 | H67: 0 | I67: 0.016666667 | J67: 0 | K67: 0 | M67: No evaluada completa
A68: HumanEval/10 | B68: 68 | C68: ic | E68: 6.0243456e-06 | F68: 0.99999967 | H68: 1 | I68: 0.35416667 | J68: 0.036144578 | K68: 0 | M68: No evaluada completa
A69: HumanEval/10 | B69: 69 | C69: suffix | D69: postfix | E69: 2.6299445e-05 | F69: 0.999998 | H69: 0 | I69: 0.016666667 | J69: 0 | K69: 0 | M69: No evaluada completa
A70: HumanEval/10 | B70: 70 | C70: . | D70: .""" | E70: 0.010506427 | F70: 0.9982129 | H70: 0.81818182 | I70: 0.325 | J70: 0.1750503 | K70: 0 | M70: No evaluada completa
A71: HumanEval/10 | B71: 71 | E71: 0.0011354001 | F71: 0.99978934 | H71: 1 | I71: 0.19583333 | J71: 0 | K71: 0 | M71: No evaluada completa
A72: HumanEval/10 | B72: 72 | C72: >>> | D72: """ | E72: 0.4112193 | F72: 0.71539581 | H72: 1 | I72: 0.4125 | J72: 0.18309859 | K72: 0 | M72: No evaluada completa
A73: HumanEval/10 | B73: 73 | C73: make | D73: assert | E73: 0.00015936809 | F73: 0.99998596 | H73: 1 | I73: 0.40833333 | J73: 0.35294118 | K73: 1 | L73: 0 | M73: FAIL
A74: HumanEval/10 | B74: 74 | C74: _pal | D74: Palindrome | E74: 2.0153529e-05 | F74: 0.99999843 | H74: 1 | I74: 0.21666667 | J74: 0.8 | K74: 0 | M74: No evaluada completa
A75: HumanEval/10 | B75: 75 | C75: indrome | D75: ind | E75: 2.5246518e-05 | F75: 0.9999974 | H75: 1 | I75: 0.2375 | J75: 0.5 | K75: 0 | M75: No evaluada completa
A76: HumanEval/10 | B76: 76 | C76: ('') | D76: (' | E76: 0.0014051306 | F76: 0.99977198 | H76: 0.90909091 | I76: 0.21666667 | J76: 0.25609756 | K76: 0 | M76: No evaluada completa
A77: HumanEval/10 | B77: 77 | E77: 0.00015669617 | F77: 0.9999785 | H77: 1 | I77: 0.375 | J77: 0.024390244 | K77: 0 | M77: No evaluada completa
A78: HumanEval/10 | B78: 78 | C78: '' | D78: ='' | E78: 0.0013806387 | F78: 0.99982839 | H78: 0 | I78: 0 | J78: 0.33333333 | K78: 0 | M78: No evaluada completa
A79: HumanEval/10 | B79: 79 | E79: 2.1057405e-05 | F79: 0.99999797 | H79: 1 | I79: 0.27916667 | J79: 0 | K79: 0 | M79: No evaluada completa
A80: HumanEval/10 | B80: 80 | C80: >>> | D80: """ | E80: 3.8633443e-05 | F80: 0.99999597 | H80: 1 | I80: 0.42916667 | J80: 0.46987952 | K80: 0 | M80: No evaluada completa
A81: HumanEval/10 | B81: 81 | C81: make | D81: assert | E81: 2.7735154e-05 | F81: 0.99999765 | H81: 1 | I81: 0.42083333 | J81: 0.66666667 | K81: 0 | M81: No evaluada completa
A82: HumanEval/10 | B82: 82 | C82: _pal | D82: Palindrome | E82: 3.6657693e-05 | F82: 0.99999723 | H82: 1 | I82: 0.25833333 | J82: 1 | K82: 0 | M82: No evaluada completa
A83: HumanEval/10 | B83: 83 | C83: indrome | D83: ind | E83: 0.00011834862 | F83: 0.99998162 | H83: 1 | I83: 0.25833333 | J83: 0.27710843 | K83: 0 | M83: No evaluada completa
A84: HumanEval/10 | B84: 84 | C84: (' | D84: (" | E84: 1.0185161e-05 | F84: 0.9999991 | H84: 0.090909091 | I84: 0.041666667 | J84: 0 | K84: 1 | L84: 0 | M84: FAIL
A85: HumanEval/10 | B85: 85 | C85: cat | D85: car | E85: 1.7222885e-05 | F85: 0.99999873 | H85: 0.18181818 | I85: 0.05 | J85: 0 | K85: 0 | M85: No evaluada completa
A86: HumanEval/10 | B86: 86 | C86: ') | D86: ') | E86: 0.00015745836 | F86: 0.99998225 | H86: 1 | I86: 0.23333333 | J86: 0 | K86: 0 | M86: No evaluada completa
A87: HumanEval/10 | B87: 87 | E87: 2.475082e-05 | F87: 0.9999978 | H87: 1 | I87: 0.41666667 | J87: 0.024390244 | K87: 0 | M87: No evaluada completa
A88: HumanEval/10 | B88: 88 | C88: ' | D88: " | E88: 8.7123663e-06 | F88: 0.99999931 | H88: 0.090909091 | I88: 0.041666667 | J88: 0 | K88: 0 | M88: No evaluada completa
A89: HumanEval/10 | B89: 89 | C89: c | D89: cat | E89: 0.00012313407 | F89: 0.99998585 | H89: 1 | I89: 0.27083333 | J89: 0 | K89: 0 | M89: No evaluada completa
A90: HumanEval/10 | B90: 90 | C90: ata | D90: atal | E90: 9.7283882e-05 | F90: 0.99999096 | H90: 0.090909091 | I90: 0.033333333 | J90: 0 | K90: 0 | M90: No evaluada completa
A91: HumanEval/10 | B91: 91 | C91: c | D91: ' | E91: 1.2318148e-06 | F91: 0.99999997 | H91: 1 | I91: 0.25833333 | J91: 0 | K91: 0 | M91: No evaluada completa
A92: HumanEval/10 | B92: 92 | C92: ' | E92: 0.00010928832 | F92: 0.99998596 | H92: 1 | I92: 0.39583333 | J92: 0.024390244 | K92: 0 | M92: No evaluada completa
A93: HumanEval/10 | B93: 93 | E93: 1.9777321e-05 | F93: 0.99999816 | H93: 1 | I93: 0.27916667 | J93: 0 | K93: 0 | M93: No evaluada completa
A94: HumanEval/10 | B94: 94 | C94: >>> | D94: """ | E94: 0.00010615875 | F94: 0.99998575 | H94: 1 | I94: 0.40833333 | J94: 0.44922547 | K94: 0 | M94: No evaluada completa
A95: HumanEval/10 | B95: 95 | C95: make | E95: 2.2449429e-05 | F95: 0.99999848 | H95: 1 | I95: 0.4375 | J95: 0.13043478 | K95: 0 | M95: No evaluada completa
A96: HumanEval/10 | B96: 96 | C96: _pal | D96: Pal | E96: 3.2028787e-05 | F96: 0.99999721 | H96: 0 | I96: 0.016666667 | J96: 1 | K96: 0 | M96: No evaluada completa
A97: HumanEval/10 | B97: 97 | C97: indrome | D97: ind | E97: 0.00017686075 | F97: 0.99997345 | H97: 1 | I97: 0.25416667 | J97: 1 | K97: 0 | M97: No evaluada completa
A98: HumanEval/10 | B98: 98 | C98: (' | D98: ('') | E98: 2.6073587e-05 | F98: 0.99999798 | H98: 1 | I98: 0.22083333 | J98: 1 | K98: 0 | M98: No evaluada completa
A99: HumanEval/10 | B99: 99 | C99: c | D99: cat | E99: 5.7871548e-05 | F99: 0.9999939 | H99: 1 | I99: 0.175 | J99: 1 | K99: 0 | M99: No evaluada completa
A100: HumanEval/10 | B100: 100 | C100: ata | D100: ATA | E100: 1.8228478e-05 | F100: 0.99999857 | H100: 0.18181818 | I100: 0.11666667 | J100: 0.13043478 | K100: 1 | L100: 0 | M100: FAIL
...
